soilprofile_id;top_level;soil_name;
Segment_1001_1D1;60.0;H_Aa_ht_ophoging;
Segment_1001_1D1;21.5;H_Aa_ht;
Segment_1001_1D1;18.5;P_Wdz_zf;
Segment_1001_1D1;16.5;P_Wls_s;
Segment_1001_1D1;14.5;P_Wdz_zf;
Segment_1001_1D1;7.0;P_Rbk_kz;
Segment_1001_1D1;5.0;P_Wdz_zf;
Segment_1001_1D2;60.0;H_Aa_ht_ophoging;
Segment_1001_1D2;21.5;H_Aa_ht;
Segment_1001_1D2;18.5;P_Wdz_zf;
Segment_1001_1D2;16.5;P_Rbk_vk;
Segment_1001_1D2;15.5;P_Wdz_zf;
Segment_1001_1D2;7.0;P_Rbk_kz;
Segment_1001_1D2;5.0;P_Wdz_zf;
Segment_1001_1D3;60.0;H_Aa_ht_ophoging;
Segment_1001_1D3;21.5;H_Aa_ht;
Segment_1001_1D3;18.5;P_Wdz_zf;
Segment_1001_1D3;17.5;P_Wls_s;
Segment_1001_1D3;14.5;P_Wdz_zf;
Segment_1001_1D3;7.0;P_Rbk_kz;
Segment_1001_1D3;5.0;P_Wdz_zf;
Segment_1001_1D4;60.0;H_Aa_ht_ophoging;
Segment_1001_1D4;21.5;H_Aa_ht;
Segment_1001_1D4;18.5;P_Rbk_kz;
Segment_1001_1D4;15.5;P_Wdz_zf;
Segment_1001_1D4;7.0;P_Rbk_kz;
Segment_1001_1D4;5.0;P_Wdz_zf;
Segment_1001_1D5;60.0;H_Aa_ht_ophoging;
Segment_1001_1D5;21.5;H_Aa_ht;
Segment_1001_1D5;18.5;P_Wdz_zf;
Segment_1001_1D5;16.5;P_Wls_s;
Segment_1001_1D5;14.5;P_Wdz_zf;
Segment_1001_1D5;7.0;P_Wdz_zf;
Segment_1001_1D5;5.0;P_Wdz_zf;
Segment_1001_1D6;60.0;H_Aa_ht_ophoging;
Segment_1001_1D6;21.5;H_Aa_ht;
Segment_1001_1D6;18.5;P_Wdz_zf;
Segment_1001_1D6;16.5;P_Rbk_vk;
Segment_1001_1D6;15.5;P_Wdz_zf;
Segment_1001_1D6;7.0;P_Wdz_zf;
Segment_1001_1D6;5.0;P_Wdz_zf;
Segment_1001_1D7;60.0;H_Aa_ht_ophoging;
Segment_1001_1D7;21.5;H_Aa_ht;
Segment_1001_1D7;18.5;P_Wdz_zf;
Segment_1001_1D7;17.5;P_Wls_s;
Segment_1001_1D7;14.5;P_Wdz_zf;
Segment_1001_1D7;7.0;P_Wdz_zf;
Segment_1001_1D7;5.0;P_Wdz_zf;
Segment_1001_1D8;60.0;H_Aa_ht_ophoging;
Segment_1001_1D8;21.5;H_Aa_ht;
Segment_1001_1D8;18.5;P_Rbk_kz;
Segment_1001_1D8;15.5;P_Wdz_zf;
Segment_1001_1D8;7.0;P_Wdz_zf;
Segment_1001_1D8;5.0;P_Wdz_zf;
Segment_1002_1D1;60.0;H_Aa_ht_ophoging;
Segment_1002_1D1;19.0;H_Aa_ht;
Segment_1002_1D1;18.0;P_Wdz_zf;
Segment_1002_1D1;16.5;P_Wls_s;
Segment_1002_1D1;14.0;P_Wls_s;
Segment_1002_1D1;7.0;P_Wdz_zf;
Segment_1002_1D2;60.0;H_Aa_ht_ophoging;
Segment_1002_1D2;19.0;H_Aa_ht;
Segment_1002_1D2;18.0;P_Wdz_zf;
Segment_1002_1D2;16.5;P_Wls_s;
Segment_1002_1D2;14.0;P_Wdz_zf;
Segment_1002_1D2;-1.0;P_Wdz_zf;
Segment_1002_1D3;60.0;H_Aa_ht_ophoging;
Segment_1002_1D3;19.0;H_Aa_ht;
Segment_1002_1D3;18.0;P_Wdz_zf;
Segment_1002_1D3;17.5;P_Wls_s;
Segment_1002_1D3;14.0;P_Wls_s;
Segment_1002_1D3;7.0;P_Wdz_zf;
Segment_1002_1D4;60.0;H_Aa_ht_ophoging;
Segment_1002_1D4;19.0;H_Aa_ht;
Segment_1002_1D4;18.0;P_Wdz_zf;
Segment_1002_1D4;17.5;P_Wls_s;
Segment_1002_1D4;14.0;P_Wdz_zf;
Segment_1002_1D4;-1.0;P_Wdz_zf;
Segment_1002_1D5;60.0;H_Aa_ht_ophoging;
Segment_1002_1D5;19.0;H_Aa_ht;
Segment_1002_1D5;18.0;P_Wls_s;
Segment_1002_1D5;14.0;P_Wls_s;
Segment_1002_1D5;7.0;P_Wdz_zf;
Segment_1002_1D6;60.0;H_Aa_ht_ophoging;
Segment_1002_1D6;19.0;H_Aa_ht;
Segment_1002_1D6;18.0;P_Wls_s;
Segment_1002_1D6;14.0;P_Wdz_zf;
Segment_1002_1D6;-1.0;P_Wdz_zf;
Segment_1002_1D7;60.0;H_Aa_ht_ophoging;
Segment_1002_1D7;19.0;H_Aa_ht;
Segment_1002_1D7;18.0;P_Wdz_zf;
Segment_1002_1D7;16.0;P_Wls_s;
Segment_1002_1D7;14.5;P_Rbk_kz;
Segment_1002_1D7;13.0;P_Wdz_zf;
Segment_1002_1D7;11.0;P_Rbk_vk;
Segment_1002_1D7;10.0;P_Wdz_zf;
Segment_1003_1D1;60.0;H_Aa_ht_ophoging;
Segment_1003_1D1;19.5;H_Aa_ht;
Segment_1003_1D1;18.0;P_Wdz_zf;
Segment_1003_1D1;16.0;P_Wls_s;
Segment_1003_1D1;13.0;P_Wdz_zf;
Segment_1003_1D1;10.0;P_Wls_s;
Segment_1003_1D1;9.0;P_Wdz_zf;
Segment_1003_1D2;60.0;H_Aa_ht_ophoging;
Segment_1003_1D2;19.5;H_Aa_ht;
Segment_1003_1D2;18.0;P_Wdz_zf;
Segment_1003_1D2;16.0;P_Wls_s;
Segment_1003_1D2;11.5;P_Wdz_zf;
Segment_1003_1D2;10.0;P_Wls_s;
Segment_1003_1D2;9.0;P_Wdz_zf;
Segment_1003_1D3;60.0;H_Aa_ht_ophoging;
Segment_1003_1D3;19.5;H_Aa_ht;
Segment_1003_1D3;18.0;P_Wdz_zf;
Segment_1003_1D3;16.0;P_Wls_s;
Segment_1003_1D3;13.0;P_Wdz_zf;
Segment_1003_1D3;10.0;P_Wdz_zf;
Segment_1003_1D4;60.0;H_Aa_ht_ophoging;
Segment_1003_1D4;19.5;H_Aa_ht;
Segment_1003_1D4;18.0;P_Wdz_zf;
Segment_1003_1D4;16.0;P_Wls_s;
Segment_1003_1D4;11.5;P_Wdz_zf;
Segment_1003_1D4;10.0;P_Wdz_zf;
Segment_1004_1D1;60.0;H_Aa_ht_ophoging;
Segment_1004_1D1;15.0;H_Aa_ht;
Segment_1004_1D1;14.0;P_Wdz_zf;
Segment_1004_1D1;13.0;P_Wls_s;
Segment_1004_1D1;11.0;P_Wdz_zf;
Segment_1004_1D1;5.0;P_Wdz_zf;
Segment_1004_1D2;60.0;H_Aa_ht_ophoging;
Segment_1004_1D2;15.0;H_Aa_ht;
Segment_1004_1D2;14.0;P_Wls_s;
Segment_1004_1D2;13.0;P_Wls_s;
Segment_1004_1D2;11.0;P_Wdz_zf;
Segment_1004_1D2;5.0;P_Wdz_zf;
Segment_1004_1D3;60.0;H_Aa_ht_ophoging;
Segment_1004_1D3;15.0;H_Aa_ht;
Segment_1004_1D3;14.0;P_Wdz_zf;
Segment_1004_1D3;13.0;P_Wls_s;
Segment_1004_1D3;11.0;P_Rbk_z&s;
Segment_1004_1D3;5.0;P_Wdz_zf;
Segment_1004_1D4;60.0;H_Aa_ht_ophoging;
Segment_1004_1D4;15.0;H_Aa_ht;
Segment_1004_1D4;14.0;P_Wls_s;
Segment_1004_1D4;13.0;P_Wls_s;
Segment_1004_1D4;11.0;P_Rbk_z&s;
Segment_1004_1D4;5.0;P_Wdz_zf;
Segment_1005_1D1;60.0;H_Aa_ht_ophoging;
Segment_1005_1D1;13.5;H_Aa_ht;
Segment_1005_1D1;12.5;P_Wdz_zf;
Segment_1005_1D1;12.0;P_Wls_s;
Segment_1005_1D1;10.0;P_Wdz_zf;
Segment_1005_1D1;7.0;P_Wdz_zf;
Segment_1005_1D2;60.0;H_Aa_ht_ophoging;
Segment_1005_1D2;13.5;H_Aa_ht;
Segment_1005_1D2;12.5;P_Wdz_zf;
Segment_1005_1D2;11.0;P_Wls_s;
Segment_1005_1D2;10.0;P_Wdz_zf;
Segment_1005_1D2;7.0;P_Wdz_zf;
Segment_1005_1D3;60.0;H_Aa_ht_ophoging;
Segment_1005_1D3;13.5;H_Aa_ht;
Segment_1005_1D3;12.5;P_Wdz_zf;
Segment_1005_1D3;12.0;P_Wls_s;
Segment_1005_1D3;10.0;P_Wls_s;
Segment_1005_1D3;9.0;P_Wdz_zf;
Segment_1005_1D3;7.0;P_Wdz_zf;
Segment_1005_1D4;60.0;H_Aa_ht_ophoging;
Segment_1005_1D4;13.5;H_Aa_ht;
Segment_1005_1D4;12.5;P_Wdz_zf;
Segment_1005_1D4;11.0;P_Wls_s;
Segment_1005_1D4;10.0;P_Wls_s;
Segment_1005_1D4;9.0;P_Wdz_zf;
Segment_1005_1D4;7.0;P_Wdz_zf;
Segment_1005_1D5;60.0;H_Aa_ht_ophoging;
Segment_1005_1D5;13.5;H_Aa_ht;
Segment_1005_1D5;12.5;P_Wdz_zf;
Segment_1005_1D5;12.0;P_Wls_s;
Segment_1005_1D5;10.0;P_Rbk_vk;
Segment_1005_1D5;7.0;P_Wdz_zf;
Segment_1005_1D6;60.0;H_Aa_ht_ophoging;
Segment_1005_1D6;13.5;H_Aa_ht;
Segment_1005_1D6;12.5;P_Wdz_zf;
Segment_1005_1D6;11.0;P_Wls_s;
Segment_1005_1D6;10.0;P_Rbk_vk;
Segment_1005_1D6;7.0;P_Wdz_zf;
Segment_1006_1D1;60.0;H_Aa_ht_ophoging;
Segment_1006_1D1;12.5;H_Aa_ht;
Segment_1006_1D1;11.5;P_Wdz_zf;
Segment_1006_1D1;10.5;P_Wdz_zf;
Segment_1006_1D1;9.0;P_Wdz_zf;
Segment_1006_1D2;60.0;H_Aa_ht_ophoging;
Segment_1006_1D2;12.5;H_Aa_ht;
Segment_1006_1D2;11.5;P_Wdz_zf;
Segment_1006_1D2;10.5;P_Wls_s;
Segment_1006_1D2;9.0;P_Wdz_zf;
Segment_1006_1D3;60.0;H_Aa_ht_ophoging;
Segment_1006_1D3;12.5;H_Aa_ht;
Segment_1006_1D3;11.5;P_Wdz_zf;
Segment_1006_1D3;10.5;P_Wls_s;
Segment_1006_1D3;8.0;P_Wdz_zf;
Segment_1007_1D1;60.0;H_Aa_ht_ophoging;
Segment_1007_1D1;11.5;H_Aa_ht;
Segment_1007_1D1;10.5;P_Wdz_zf;
Segment_1007_1D1;9.5;P_Wls_s;
Segment_1007_1D1;9.0;P_Wdz_zf;
Segment_1007_1D1;8.0;P_Rbk_vk;
Segment_1007_1D1;7.5;P_Wdz_zf;
Segment_1007_1D2;60.0;H_Aa_ht_ophoging;
Segment_1007_1D2;11.5;H_Aa_ht;
Segment_1007_1D2;10.5;P_Wdz_zf;
Segment_1007_1D2;8.0;P_Rbk_vk;
Segment_1007_1D2;7.5;P_Wdz_zf;
Segment_1007_1D3;60.0;H_Aa_ht_ophoging;
Segment_1007_1D3;11.5;H_Aa_ht;
Segment_1007_1D3;10.5;P_Wdz_zf;
Segment_1007_1D3;9.5;P_Wls_s;
Segment_1007_1D3;9.0;P_Wdz_zf;
Segment_1007_1D3;8.0;P_Wdz_zf;
Segment_1007_1D4;60.0;H_Aa_ht_ophoging;
Segment_1007_1D4;11.5;H_Aa_ht;
Segment_1007_1D4;10.5;P_Wdz_zf;
Segment_1007_1D4;8.0;P_Wdz_zf;
Segment_1008_1D1;60.0;H_Aa_ht_ophoging;
Segment_1008_1D1;11.0;H_Aa_ht;
Segment_1008_1D1;9.5;P_Wdz_zf;
Segment_1008_1D1;8.5;P_Wls_s;
Segment_1008_1D1;7.5;P_Rbk_vk;
Segment_1008_1D1;6.5;P_Wdz_zf;
Segment_1008_1D2;60.0;H_Aa_ht_ophoging;
Segment_1008_1D2;11.0;H_Aa_ht;
Segment_1008_1D2;9.5;P_Wls_s;
Segment_1008_1D2;8.5;P_Wls_s;
Segment_1008_1D2;7.5;P_Rbk_vk;
Segment_1008_1D2;6.5;P_Wdz_zf;
Segment_1008_1D3;60.0;H_Aa_ht_ophoging;
Segment_1008_1D3;11.0;H_Aa_ht;
Segment_1008_1D3;9.5;P_Wdz_zf;
Segment_1008_1D3;8.5;P_Wls_s;
Segment_1008_1D3;7.5;P_Wls_s;
Segment_1008_1D3;7.0;P_Wdz_zf;
Segment_1008_1D3;6.0;P_Wdz_zf;
Segment_1008_1D4;60.0;H_Aa_ht_ophoging;
Segment_1008_1D4;11.0;H_Aa_ht;
Segment_1008_1D4;9.5;P_Wls_s;
Segment_1008_1D4;8.5;P_Wls_s;
Segment_1008_1D4;7.5;P_Wls_s;
Segment_1008_1D4;7.0;P_Wdz_zf;
Segment_1008_1D4;6.0;P_Wdz_zf;
Segment_1008_1D5;60.0;H_Aa_ht_ophoging;
Segment_1008_1D5;11.0;H_Aa_ht;
Segment_1008_1D5;9.5;P_Wdz_zf;
Segment_1008_1D5;8.5;P_Wls_s;
Segment_1008_1D5;7.5;P_Wdz_zf;
Segment_1008_1D5;6.5;P_Wls_s;
Segment_1008_1D5;6.0;P_Wdz_zf;
Segment_1008_1D6;60.0;H_Aa_ht_ophoging;
Segment_1008_1D6;11.0;H_Aa_ht;
Segment_1008_1D6;9.5;P_Wls_s;
Segment_1008_1D6;8.5;P_Wls_s;
Segment_1008_1D6;7.5;P_Wdz_zf;
Segment_1008_1D6;6.5;P_Wls_s;
Segment_1008_1D6;6.0;P_Wdz_zf;
Segment_1009_1D1;60.0;H_Aa_ht_ophoging;
Segment_1009_1D1;10.5;H_Aa_ht;
Segment_1009_1D1;9.5;P_Wdz_zf;
Segment_1009_1D1;8.5;P_Wdz_zf;
Segment_1009_1D1;2.0;P_Wdz_zf;
Segment_1009_1D2;60.0;H_Aa_ht_ophoging;
Segment_1009_1D2;10.5;H_Aa_ht;
Segment_1009_1D2;9.5;P_Wls_s;
Segment_1009_1D2;9.0;P_Wdz_zf;
Segment_1009_1D2;8.5;P_Wdz_zf;
Segment_1009_1D2;2.0;P_Wdz_zf;
Segment_1009_1D3;60.0;H_Aa_ht_ophoging;
Segment_1009_1D3;10.5;H_Aa_ht;
Segment_1009_1D3;9.5;P_Wdz_zf;
Segment_1009_1D3;8.5;P_Wls_s;
Segment_1009_1D3;8.0;P_Rbk_vk;
Segment_1009_1D3;7.5;P_Wdz_zf;
Segment_1009_1D4;60.0;H_Aa_ht_ophoging;
Segment_1009_1D4;10.5;H_Aa_ht;
Segment_1009_1D4;9.5;P_Wls_s;
Segment_1009_1D4;9.0;P_Wdz_zf;
Segment_1009_1D4;8.5;P_Wls_s;
Segment_1009_1D4;8.0;P_Rbk_vk;
Segment_1009_1D4;7.5;P_Wdz_zf;
Segment_1009_1D5;60.0;H_Aa_ht_ophoging;
Segment_1009_1D5;10.5;H_Aa_ht;
Segment_1009_1D5;9.5;P_Wdz_zf;
Segment_1009_1D5;8.5;P_Wls_s;
Segment_1009_1D5;6.5;P_Wdz_zf;
Segment_1009_1D6;60.0;H_Aa_ht_ophoging;
Segment_1009_1D6;10.5;H_Aa_ht;
Segment_1009_1D6;9.5;P_Wls_s;
Segment_1009_1D6;9.0;P_Wdz_zf;
Segment_1009_1D6;8.5;P_Wls_s;
Segment_1009_1D6;6.5;P_Wdz_zf;
Segment_1009_1D7;60.0;H_Aa_ht_ophoging;
Segment_1009_1D7;10.5;H_Aa_ht;
Segment_1009_1D7;9.5;P_Wdz_zf;
Segment_1009_1D7;8.5;P_Wls_s;
Segment_1009_1D7;6.5;P_Rbk_vk;
Segment_1009_1D7;5.5;P_Wdz_zf;
Segment_1009_1D8;60.0;H_Aa_ht_ophoging;
Segment_1009_1D8;10.5;H_Aa_ht;
Segment_1009_1D8;9.5;P_Wls_s;
Segment_1009_1D8;9.0;P_Wdz_zf;
Segment_1009_1D8;8.5;P_Wls_s;
Segment_1009_1D8;6.5;P_Rbk_vk;
Segment_1009_1D8;5.5;P_Wdz_zf;
Segment_1010_1D1;60.0;H_Aa_ht_ophoging;
Segment_1010_1D1;10.0;H_Aa_ht;
Segment_1010_1D1;9.0;P_Wdz_zf;
Segment_1010_1D1;8.0;P_Wls_s;
Segment_1010_1D1;7.0;P_Wdz_zf;
Segment_1010_1D1;5.0;P_Wdz_zf;
Segment_1010_1D1;4.0;P_Wdz_zf;
Segment_1010_1D2;60.0;H_Aa_ht_ophoging;
Segment_1010_1D2;10.0;H_Aa_ht;
Segment_1010_1D2;9.0;P_Wdz_zf;
Segment_1010_1D2;8.0;P_Wls_s;
Segment_1010_1D2;6.0;P_Wdz_zf;
Segment_1010_1D2;5.0;P_Wdz_zf;
Segment_1010_1D2;4.0;P_Wdz_zf;
Segment_1010_1D3;60.0;H_Aa_ht_ophoging;
Segment_1010_1D3;10.0;H_Aa_ht;
Segment_1010_1D3;9.0;P_Wdz_zf;
Segment_1010_1D3;8.0;P_Wls_s;
Segment_1010_1D3;7.0;P_Wdz_zf;
Segment_1010_1D3;5.0;P_Rbk_vk;
Segment_1010_1D3;4.0;P_Wdz_zf;
Segment_1010_1D4;60.0;H_Aa_ht_ophoging;
Segment_1010_1D4;10.0;H_Aa_ht;
Segment_1010_1D4;9.0;P_Wdz_zf;
Segment_1010_1D4;8.0;P_Wls_s;
Segment_1010_1D4;6.0;P_Wdz_zf;
Segment_1010_1D4;5.0;P_Rbk_vk;
Segment_1010_1D4;4.0;P_Wdz_zf;
Segment_1011_1D1;60.0;H_Aa_ht_ophoging;
Segment_1011_1D1;9.0;H_Aa_ht;
Segment_1011_1D1;8.5;P_Wdz_zf;
Segment_1011_1D1;7.0;P_Wls_s;
Segment_1011_1D1;5.5;P_Rbk_vk;
Segment_1011_1D1;5.0;P_Wdz_zf;
Segment_1011_1D2;60.0;H_Aa_ht_ophoging;
Segment_1011_1D2;9.0;H_Aa_ht;
Segment_1011_1D2;8.5;P_Wdz_zf;
Segment_1011_1D2;7.0;P_Wls_s;
Segment_1011_1D2;6.0;P_Wdz_zf;
Segment_1011_1D2;5.0;P_Wdz_zf;
Segment_1011_1D3;60.0;H_Aa_ht_ophoging;
Segment_1011_1D3;9.0;H_Aa_ht;
Segment_1011_1D3;8.5;P_Wdz_zf;
Segment_1011_1D3;7.0;P_Wdz_zf;
Segment_1011_1D3;-11.0;P_Wdz_zf;
Segment_1012_1D1;60.0;H_Aa_ht_ophoging;
Segment_1012_1D1;8.5;H_Aa_ht;
Segment_1012_1D1;7.5;P_Wdz_zf;
Segment_1012_1D1;4.0;P_Wdz_zf;
Segment_1012_1D1;3.0;P_Wdz_zf;
Segment_1012_1D2;60.0;H_Aa_ht_ophoging;
Segment_1012_1D2;8.5;H_Aa_ht;
Segment_1012_1D2;7.5;P_Wdz_zf;
Segment_1012_1D2;5.0;P_Wls_s;
Segment_1012_1D2;4.0;P_Wdz_zf;
Segment_1012_1D2;3.0;P_Wdz_zf;
Segment_1012_1D3;60.0;H_Aa_ht_ophoging;
Segment_1012_1D3;8.5;H_Aa_ht;
Segment_1012_1D3;7.5;P_Wls_s;
Segment_1012_1D3;4.0;P_Wdz_zf;
Segment_1012_1D3;3.0;P_Wdz_zf;
Segment_1012_1D4;60.0;H_Aa_ht_ophoging;
Segment_1012_1D4;8.5;H_Aa_ht;
Segment_1012_1D4;7.5;P_Wdz_zf;
Segment_1012_1D4;4.0;P_Rbk_vk;
Segment_1012_1D4;3.0;P_Wdz_zf;
Segment_1012_1D5;60.0;H_Aa_ht_ophoging;
Segment_1012_1D5;8.5;H_Aa_ht;
Segment_1012_1D5;7.5;P_Wdz_zf;
Segment_1012_1D5;5.0;P_Wls_s;
Segment_1012_1D5;4.0;P_Rbk_vk;
Segment_1012_1D5;3.0;P_Wdz_zf;
Segment_1012_1D6;60.0;H_Aa_ht_ophoging;
Segment_1012_1D6;8.5;H_Aa_ht;
Segment_1012_1D6;7.5;P_Wls_s;
Segment_1012_1D6;4.0;P_Rbk_vk;
Segment_1012_1D6;3.0;P_Wdz_zf;
Segment_1012_1D7;60.0;H_Aa_ht_ophoging;
Segment_1012_1D7;8.5;H_Aa_ht;
Segment_1012_1D7;7.5;P_Wdz_zf;
Segment_1012_1D7;4.0;P_Wls_s;
Segment_1012_1D7;3.0;P_Wdz_zf;
Segment_1012_1D8;60.0;H_Aa_ht_ophoging;
Segment_1012_1D8;8.5;H_Aa_ht;
Segment_1012_1D8;7.5;P_Wdz_zf;
Segment_1012_1D8;5.0;P_Wls_s;
Segment_1012_1D8;4.0;P_Wls_s;
Segment_1012_1D8;3.0;P_Wdz_zf;
Segment_1012_1D9;60.0;H_Aa_ht_ophoging;
Segment_1012_1D9;8.5;H_Aa_ht;
Segment_1012_1D9;7.5;P_Wls_s;
Segment_1012_1D9;4.0;P_Wls_s;
Segment_1012_1D9;3.0;P_Wdz_zf;
Segment_1013_1D1;60.0;H_Aa_ht_ophoging;
Segment_1013_1D1;8.5;H_Aa_ht;
Segment_1013_1D1;7.0;P_Wdz_zf;
Segment_1013_1D1;5.0;P_Wdz_zf;
Segment_1013_1D1;4.0;P_Wdz_zf;
Segment_1013_1D2;60.0;H_Aa_ht_ophoging;
Segment_1013_1D2;8.5;H_Aa_ht;
Segment_1013_1D2;7.0;P_Wdz_zf;
Segment_1013_1D2;5.0;P_Wls_s;
Segment_1013_1D2;4.0;P_Wdz_zf;
Segment_1013_1D3;60.0;H_Aa_ht_ophoging;
Segment_1013_1D3;8.5;H_Aa_ht;
Segment_1013_1D3;7.0;P_Wdz_zf;
Segment_1013_1D3;5.0;P_Rbk_vk;
Segment_1013_1D3;4.0;P_Wdz_zf;
Segment_1013_1D4;60.0;H_Aa_ht_ophoging;
Segment_1013_1D4;8.5;H_Aa_ht;
Segment_1013_1D4;7.0;P_Wdz_zf;
Segment_1013_1D4;5.0;P_Wls_s;
Segment_1013_1D4;4.0;P_Rbk_vk;
Segment_1013_1D4;-1.0;P_Wdz_zf;
Segment_1014_1D1;60.0;H_Aa_ht_ophoging;
Segment_1014_1D1;8.5;H_Aa_ht;
Segment_1014_1D1;7.5;P_Wdz_zf;
Segment_1014_1D1;4.0;P_Rbk_vk;
Segment_1014_1D1;3.5;P_Wdz_zf;
Segment_1014_1D2;60.0;H_Aa_ht_ophoging;
Segment_1014_1D2;8.5;H_Aa_ht;
Segment_1014_1D2;7.5;P_Wdz_zf;
Segment_1014_1D2;4.0;P_Wdz_zf;
Segment_1015_1D1;60.0;H_Aa_ht_ophoging;
Segment_1015_1D1;7.0;H_Aa_ht;
Segment_1015_1D1;5.5;P_Wdz_zf;
Segment_1015_1D1;1.5;P_Wls_s;
Segment_1015_1D1;1.0;P_Wdz_zf;
Segment_1015_1D2;60.0;H_Aa_ht_ophoging;
Segment_1015_1D2;7.0;H_Aa_ht;
Segment_1015_1D2;5.5;P_Wdz_zf;
Segment_1015_1D2;1.5;P_Wdz_zf;
Segment_1016_1D1;60.0;H_Aa_ht_ophoging;
Segment_1016_1D1;7.0;H_Aa_ht;
Segment_1016_1D1;5.5;H_Rg_zf;
Segment_1016_1D1;3.0;H_Ro_z&k;
Segment_1016_1D1;2.0;H_Rg_zf;
Segment_1016_1D1;1.0;P_Wdz_zf;
Segment_1016_1D2;60.0;H_Aa_ht_ophoging;
Segment_1016_1D2;7.0;H_Aa_ht;
Segment_1016_1D2;5.5;H_Rg_zf;
Segment_1016_1D2;3.0;H_Rg_zf;
Segment_1016_1D2;2.0;H_Rg_zf;
Segment_1016_1D2;1.0;P_Wdz_zf;
Segment_1016_1D3;60.0;H_Aa_ht_ophoging;
Segment_1016_1D3;7.0;H_Aa_ht;
Segment_1016_1D3;5.5;H_Rg_zf;
Segment_1016_1D3;3.0;H_Rk_vk;
Segment_1016_1D3;2.0;H_Rg_zf;
Segment_1016_1D3;1.0;P_Wdz_zf;
Segment_1016_1D4;60.0;H_Aa_ht_ophoging;
Segment_1016_1D4;7.0;H_Aa_ht;
Segment_1016_1D4;5.5;P_Wdz_zf;
Segment_1016_1D4;1.0;P_Wdz_zf;
Segment_1017_1D1;60.0;H_Aa_ht_ophoging;
Segment_1017_1D1;6.5;H_Aa_ht;
Segment_1017_1D1;5.5;P_Wdz_zf;
Segment_1017_1D1;0.5;P_Wls_s;
Segment_1017_1D1;-0.5;P_Wdz_zf;
Segment_1017_1D2;60.0;H_Aa_ht_ophoging;
Segment_1017_1D2;6.5;H_Aa_ht;
Segment_1017_1D2;5.5;H_Rg_zf;
Segment_1017_1D2;0.5;P_Wls_s;
Segment_1017_1D2;-0.5;P_Wdz_zf;
Segment_1017_1D3;60.0;H_Aa_ht_ophoging;
Segment_1017_1D3;6.5;H_Aa_ht;
Segment_1017_1D3;5.5;P_Wdz_zf;
Segment_1017_1D3;0.5;P_Rbk_vk;
Segment_1017_1D3;-0.5;P_Wdz_zf;
Segment_1017_1D4;60.0;H_Aa_ht_ophoging;
Segment_1017_1D4;6.5;H_Aa_ht;
Segment_1017_1D4;5.5;H_Rg_zf;
Segment_1017_1D4;0.5;P_Rbk_vk;
Segment_1017_1D4;-0.5;P_Wdz_zf;
Segment_1017_1D5;60.0;H_Aa_ht_ophoging;
Segment_1017_1D5;6.5;H_Aa_ht;
Segment_1017_1D5;5.5;P_Wdz_zf;
Segment_1017_1D5;0.5;P_Wdz_zf;
Segment_1017_1D5;-0.5;P_Wdz_zf;
Segment_1017_1D6;60.0;H_Aa_ht_ophoging;
Segment_1017_1D6;6.5;H_Aa_ht;
Segment_1017_1D6;5.5;H_Rg_zf;
Segment_1017_1D6;0.5;P_Wdz_zf;
Segment_1017_1D6;-0.5;P_Wdz_zf;
Segment_1018_1D1;60.0;H_Aa_ht_ophoging;
Segment_1018_1D1;6.5;H_Aa_ht;
Segment_1018_1D1;4.5;P_Wdz_zf;
Segment_1018_1D1;1.0;P_Wdz_zf;
Segment_1018_1D2;60.0;H_Aa_ht_ophoging;
Segment_1018_1D2;6.5;H_Aa_ht;
Segment_1018_1D2;4.5;H_Rg_zf;
Segment_1018_1D2;1.0;P_Wdz_zf;
Segment_1019_1D1;60.0;H_Aa_ht_ophoging;
Segment_1019_1D1;6.5;H_Aa_ht;
Segment_1019_1D1;4.5;P_Wdz_zf;
Segment_1019_1D1;1.0;P_Wdz_zf;
Segment_1019_1D2;60.0;H_Aa_ht_ophoging;
Segment_1019_1D2;6.5;H_Aa_ht;
Segment_1019_1D2;4.5;H_Rg_zf;
Segment_1019_1D2;1.0;P_Wdz_zf;
Segment_1020_1D1;60.0;H_Aa_ht_ophoging;
Segment_1020_1D1;6.5;H_Aa_ht;
Segment_1020_1D1;2.5;P_Wdz_zf;
Segment_1020_1D2;60.0;H_Aa_ht_ophoging;
Segment_1020_1D2;6.5;H_Aa_ht;
Segment_1020_1D2;2.5;H_Rg_zm;
Segment_1020_1D2;1.0;H_Rg_zf;
Segment_1020_1D2;-1.0;P_Wdz_zf;
Segment_1020_1D2;-1.5;P_Wdz_zf;
Segment_1020_1D3;60.0;H_Aa_ht_ophoging;
Segment_1020_1D3;6.5;H_Aa_ht;
Segment_1020_1D3;2.5;H_Rk_vk;
Segment_1020_1D3;1.0;H_Rg_zf;
Segment_1020_1D3;-1.0;P_Wdz_zf;
Segment_1020_1D3;-1.5;P_Wdz_zf;
Segment_1020_1D4;60.0;H_Aa_ht_ophoging;
Segment_1020_1D4;6.5;H_Aa_ht;
Segment_1020_1D4;2.5;H_Rk_z&k;
Segment_1020_1D4;1.0;H_Rg_zf;
Segment_1020_1D4;-1.0;P_Wdz_zf;
Segment_1020_1D4;-1.5;P_Wdz_zf;
Segment_1020_1D5;60.0;H_Aa_ht_ophoging;
Segment_1020_1D5;6.5;H_Aa_ht;
Segment_1020_1D5;2.5;H_Rg_zm;
Segment_1020_1D5;1.0;H_Rg_zf;
Segment_1020_1D5;-1.0;P_Rbk_vk;
Segment_1020_1D5;-1.5;P_Wdz_zf;
Segment_1020_1D6;60.0;H_Aa_ht_ophoging;
Segment_1020_1D6;6.5;H_Aa_ht;
Segment_1020_1D6;2.5;H_Rk_vk;
Segment_1020_1D6;1.0;H_Rg_zf;
Segment_1020_1D6;-1.0;P_Rbk_vk;
Segment_1020_1D6;-1.5;P_Wdz_zf;
Segment_1020_1D7;60.0;H_Aa_ht_ophoging;
Segment_1020_1D7;6.5;H_Aa_ht;
Segment_1020_1D7;2.5;H_Rk_z&k;
Segment_1020_1D7;1.0;H_Rg_zf;
Segment_1020_1D7;-1.0;P_Rbk_vk;
Segment_1020_1D7;-1.5;P_Wdz_zf;
Segment_1021_1D1;60.0;H_Aa_ht_ophoging;
Segment_1021_1D1;7.0;H_Aa_ht;
Segment_1021_1D1;3.0;H_Rg_zf;
Segment_1021_1D1;2.0;P_Wdz_zf;
Segment_1021_1D1;0.0;P_Rg_zm;
Segment_1021_1D2;60.0;H_Aa_ht_ophoging;
Segment_1021_1D2;7.0;H_Aa_ht;
Segment_1021_1D2;3.0;P_Wdz_zf;
Segment_1021_1D2;0.0;P_Rg_zm;
Segment_1021_1D3;60.0;H_Aa_ht_ophoging;
Segment_1021_1D3;7.0;H_Aa_ht;
Segment_1021_1D3;3.0;H_Rk_z&k;
Segment_1021_1D3;2.0;H_Rg_zf;
Segment_1021_1D3;1.5;P_Wdz_zf;
Segment_1021_1D3;0.0;P_Rg_zm;
Segment_1022_1D1;60.0;H_Aa_ht_ophoging;
Segment_1022_1D1;7.0;H_Aa_ht;
Segment_1022_1D1;3.0;H_Rk_k;
Segment_1022_1D1;0.5;P_Rg_zm;
Segment_1022_1D2;60.0;H_Aa_ht_ophoging;
Segment_1022_1D2;7.0;H_Aa_ht;
Segment_1022_1D2;3.0;H_Rk_k;
Segment_1022_1D2;-0.5;P_Rg_zm;
Segment_1023_1D1;60.0;H_Aa_ht_ophoging;
Segment_1023_1D1;7.0;H_Aa_ht;
Segment_1023_1D1;2.5;H_Rk_z&k;
Segment_1023_1D1;2.0;H_Rg_zf;
Segment_1023_1D1;1.0;H_Rk_z&k;
Segment_1023_1D1;0.0;P_Wdz_zf;
Segment_1023_1D1;-2.0;P_Rg_zm;
Segment_1023_1D2;60.0;H_Aa_ht_ophoging;
Segment_1023_1D2;7.0;H_Aa_ht;
Segment_1023_1D2;2.5;H_Rg_zf;
Segment_1023_1D2;1.0;H_Rk_z&k;
Segment_1023_1D2;0.0;P_Wdz_zf;
Segment_1023_1D2;-2.0;P_Rg_zm;
Segment_1023_1D3;60.0;H_Aa_ht_ophoging;
Segment_1023_1D3;7.0;H_Aa_ht;
Segment_1023_1D3;2.5;H_Rg_zf;
Segment_1023_1D3;0.0;P_Wdz_zf;
Segment_1023_1D3;-2.0;P_Rg_zm;
Segment_1023_1D4;60.0;H_Aa_ht_ophoging;
Segment_1023_1D4;7.0;H_Aa_ht;
Segment_1023_1D4;2.5;H_Rk_z&k;
Segment_1023_1D4;0.0;H_Vbv_v;
Segment_1023_1D4;-0.5;H_Ro_z&k;
Segment_1023_1D4;-5.0;P_Rg_zm;
Segment_1023_1D5;60.0;H_Aa_ht_ophoging;
Segment_1023_1D5;7.0;H_Aa_ht;
Segment_1023_1D5;2.5;H_Rk_z&k;
Segment_1023_1D5;1.0;H_Rg_zf;
Segment_1023_1D5;-0.5;H_Ro_z&k;
Segment_1023_1D5;-5.0;P_Rg_zm;
Segment_1024_1D1;60.0;H_Aa_ht_ophoging;
Segment_1024_1D1;10.0;H_Aa_ht;
Segment_1024_1D1;3.5;H_Rk_z&k;
Segment_1024_1D1;1.0;H_Rg_zf;
Segment_1024_1D1;-0.5;H_Ro_z&k;
Segment_1024_1D1;-5.0;P_Rg_zm;
Segment_1024_1D2;60.0;H_Aa_ht_ophoging;
Segment_1024_1D2;10.0;H_Aa_ht;
Segment_1024_1D2;3.5;H_Rg_zm;
Segment_1024_1D2;-2.0;H_Ro_z&k;
Segment_1024_1D2;-5.0;P_Rg_zm;
Segment_1025_1D1;60.0;H_Aa_ht_ophoging;
Segment_1025_1D1;10.0;H_Aa_ht;
Segment_1026_1D1;60.0;H_Aa_ht_ophoging;
Segment_1026_1D1;8.0;H_Aa_ht;
Segment_1026_1D1;3.0;H_Ro_z&k;
Segment_1026_1D1;-0.5;H_Rg_zm;
Segment_1026_1D1;-3.0;P_Rg_zm;
Segment_1026_1D2;60.0;H_Aa_ht_ophoging;
Segment_1026_1D2;8.0;H_Aa_ht;
Segment_1026_1D2;3.0;H_Ro_z&k;
Segment_1026_1D2;2.0;H_Rg_zm;
Segment_1026_1D2;-3.0;P_Rg_zm;
Segment_1026_1D3;60.0;H_Aa_ht_ophoging;
Segment_1026_1D3;8.0;H_Aa_ht;
Segment_1026_1D3;3.0;H_Rk_k;
Segment_1026_1D3;-1.0;H_Rg_zm;
Segment_1026_1D3;-3.0;P_Rg_zm;
Segment_1026_1D4;60.0;H_Aa_ht_ophoging;
Segment_1026_1D4;8.0;H_Aa_ht;
Segment_1026_1D4;3.0;H_Rr_o&z;
Segment_1026_1D4;-3.0;P_Rg_zm;
Segment_1027_1D1;60.0;H_Aa_ht_ophoging;
Segment_1027_1D1;5.0;H_Aa_ht;
Segment_1027_1D1;3.0;H_Rk_k;
Segment_1027_1D1;0.0;H_Rk_z&k;
Segment_1027_1D1;-1.0;P_Rg_zm;
Segment_1027_1D2;60.0;H_Aa_ht_ophoging;
Segment_1027_1D2;5.0;H_Aa_ht;
Segment_1027_1D2;3.0;H_Rk_z&k;
Segment_1027_1D2;0.0;H_Rk_z&k;
Segment_1027_1D2;-1.0;P_Rg_zm;
Segment_1027_1D3;60.0;H_Aa_ht_ophoging;
Segment_1027_1D3;5.0;H_Aa_ht;
Segment_1027_1D3;3.0;H_Rk_k;
Segment_1027_1D3;0.0;H_Vbv_v;
Segment_1027_1D3;-0.5;P_Rg_zm;
Segment_1027_1D4;60.0;H_Aa_ht_ophoging;
Segment_1027_1D4;5.0;H_Aa_ht;
Segment_1027_1D4;3.0;H_Rk_z&k;
Segment_1027_1D4;0.0;H_Vbv_v;
Segment_1027_1D4;-0.5;P_Rg_zm;
Segment_1028_1D1;60.0;H_Aa_ht_ophoging;
Segment_1028_1D1;4.0;H_Aa_ht;
Segment_1028_1D1;2.5;H_Ro_z&k;
Segment_1028_1D1;0.0;H_Rg_zm;
Segment_1028_1D1;-0.75;P_Rk_k&s;
Segment_1028_1D1;-1.25;P_Rg_zm;
Segment_1028_1D2;60.0;H_Aa_ht_ophoging;
Segment_1028_1D2;4.0;H_Aa_ht;
Segment_1028_1D2;2.5;H_Ro_z&k;
Segment_1028_1D2;0.0;H_Rk_k;
Segment_1028_1D2;-1.0;P_Rk_k&s;
Segment_1028_1D2;-1.25;P_Rg_zm;
Segment_1028_1D3;60.0;H_Aa_ht_ophoging;
Segment_1028_1D3;4.0;H_Aa_ht;
Segment_1028_1D3;2.5;H_Ro_z&k;
Segment_1028_1D3;0.0;H_Ro_z&k;
Segment_1028_1D3;-1.0;P_Rk_k&s;
Segment_1028_1D3;-1.25;P_Rg_zm;
Segment_1028_1D4;60.0;H_Aa_ht_ophoging;
Segment_1028_1D4;4.0;H_Aa_ht;
Segment_1028_1D4;2.5;H_Ro_z&k;
Segment_1028_1D4;0.0;H_Rg_zm;
Segment_1028_1D4;-0.75;H_Ro_z&k;
Segment_1028_1D4;-1.25;P_Rg_zm;
Segment_1028_1D5;60.0;H_Aa_ht_ophoging;
Segment_1028_1D5;4.0;H_Aa_ht;
Segment_1028_1D5;2.5;H_Ro_z&k;
Segment_1028_1D5;0.0;H_Rk_k;
Segment_1028_1D5;-1.0;H_Ro_z&k;
Segment_1028_1D5;-1.25;P_Rg_zm;
Segment_1028_1D6;60.0;H_Aa_ht_ophoging;
Segment_1028_1D6;4.0;H_Aa_ht;
Segment_1028_1D6;2.5;H_Ro_z&k;
Segment_1028_1D6;0.0;H_Ro_z&k;
Segment_1028_1D6;-1.0;H_Ro_z&k;
Segment_1028_1D6;-1.25;P_Rg_zm;
Segment_1028_1D7;60.0;H_Aa_ht_ophoging;
Segment_1028_1D7;4.0;H_Aa_ht;
Segment_1028_1D7;2.5;H_Ro_z&k;
Segment_1028_1D7;0.75;H_Rg_zm;
Segment_1028_1D7;-3.0;P_Rg_zm;
Segment_1028_1D8;60.0;H_Aa_ht_ophoging;
Segment_1028_1D8;4.0;H_Aa_ht;
Segment_1028_1D8;2.5;H_Rk_z&k;
Segment_1028_1D8;0.0;H_Rr_o&z;
Segment_1028_1D8;-1.0;P_Rk_k&s;
Segment_1028_1D8;-1.25;P_Rg_zm;
Segment_1029_1D1;60.0;H_Aa_ht_ophoging;
Segment_1029_1D1;4.0;H_Aa_ht;
Segment_1029_1D1;2.5;H_Rk_k;
Segment_1029_1D1;1.0;H_Rg_zm;
Segment_1029_1D1;-1.0;H_Ro_z&k;
Segment_1029_1D1;-2.0;P_Rg_zm;
Segment_1029_1D2;60.0;H_Aa_ht_ophoging;
Segment_1029_1D2;4.0;H_Aa_ht;
Segment_1029_1D2;2.5;H_Rk_k;
Segment_1029_1D2;1.0;H_Rk_vk;
Segment_1029_1D2;0.5;H_Rk_k;
Segment_1029_1D2;-1.0;H_Ro_z&k;
Segment_1029_1D2;-2.0;P_Rg_zm;
Segment_1029_1D3;60.0;H_Aa_ht_ophoging;
Segment_1029_1D3;4.0;H_Aa_ht;
Segment_1029_1D3;2.5;H_Rk_k;
Segment_1029_1D3;1.0;H_Rk_vk;
Segment_1029_1D3;0.0;H_Rk_k;
Segment_1029_1D3;-1.0;H_Ro_z&k;
Segment_1029_1D3;-2.0;P_Rg_zm;
Segment_1029_1D4;60.0;H_Aa_ht_ophoging;
Segment_1029_1D4;4.0;H_Aa_ht;
Segment_1029_1D4;2.5;H_Rk_k;
Segment_1029_1D4;1.0;H_Rg_zm;
Segment_1029_1D4;-1.0;H_Rk_k;
Segment_1029_1D4;-2.0;P_Rg_zm;
Segment_1029_1D5;60.0;H_Aa_ht_ophoging;
Segment_1029_1D5;4.0;H_Aa_ht;
Segment_1029_1D5;2.5;H_Rk_k;
Segment_1029_1D5;1.0;H_Rk_vk;
Segment_1029_1D5;0.5;H_Rk_k;
Segment_1029_1D5;-1.0;H_Rk_k;
Segment_1029_1D5;-2.0;P_Rg_zm;
Segment_1029_1D6;60.0;H_Aa_ht_ophoging;
Segment_1029_1D6;4.0;H_Aa_ht;
Segment_1029_1D6;2.5;H_Rk_k;
Segment_1029_1D6;1.0;H_Rk_vk;
Segment_1029_1D6;0.0;H_Rk_k;
Segment_1029_1D6;-1.0;H_Rk_k;
Segment_1029_1D6;-2.0;P_Rg_zm;
Segment_1029_1D7;60.0;H_Aa_ht_ophoging;
Segment_1029_1D7;4.0;H_Aa_ht;
Segment_1029_1D7;2.5;H_Rk_k;
Segment_1029_1D7;1.0;H_Rg_zm;
Segment_1029_1D7;-1.0;H_Vbv_v;
Segment_1029_1D7;-1.5;H_Rk_k;
Segment_1029_1D7;-2.0;P_Rg_zm;
Segment_1029_1D8;60.0;H_Aa_ht_ophoging;
Segment_1029_1D8;4.0;H_Aa_ht;
Segment_1029_1D8;2.5;H_Rk_k;
Segment_1029_1D8;1.0;H_Rk_vk;
Segment_1029_1D8;0.5;H_Rk_k;
Segment_1029_1D8;-1.0;H_Vbv_v;
Segment_1029_1D8;-1.5;H_Rk_k;
Segment_1029_1D8;-2.0;P_Rg_zm;
Segment_1029_1D9;60.0;H_Aa_ht_ophoging;
Segment_1029_1D9;4.0;H_Aa_ht;
Segment_1029_1D9;2.5;H_Rk_k;
Segment_1029_1D9;1.0;H_Rk_vk;
Segment_1029_1D9;0.0;H_Rk_k;
Segment_1029_1D9;-1.0;H_Vbv_v;
Segment_1029_1D9;-1.5;H_Rk_k;
Segment_1029_1D9;-2.0;P_Rg_zm;
Segment_1030_1D1;60.0;H_Aa_ht_ophoging;
Segment_1030_1D1;4.0;H_Aa_ht;
Segment_1030_1D1;2.5;H_Rk_k;
Segment_1030_1D1;2.0;H_Rg_zm;
Segment_1030_1D1;-1.0;H_Ro_z&k;
Segment_1030_1D1;-3.0;P_Rk_k&s;
Segment_1030_1D1;-4.0;P_Rg_zm;
Segment_1030_1D2;60.0;H_Aa_ht_ophoging;
Segment_1030_1D2;4.0;H_Aa_ht;
Segment_1030_1D2;2.5;H_Rk_k;
Segment_1030_1D2;1.5;H_Rk_ko;
Segment_1030_1D2;1.0;H_Rk_k;
Segment_1030_1D2;0.0;H_Ro_z&k;
Segment_1030_1D2;-3.0;P_Rk_k&s;
Segment_1030_1D2;-4.0;P_Rg_zm;
Segment_1030_1D3;60.0;H_Aa_ht_ophoging;
Segment_1030_1D3;4.0;H_Aa_ht;
Segment_1030_1D3;2.5;H_Rk_z&k;
Segment_1030_1D3;0.0;H_Ro_z&k;
Segment_1030_1D3;-3.0;P_Rk_k&s;
Segment_1030_1D3;-4.0;P_Rg_zm;
Segment_1031_1D1;60.0;H_Aa_ht_ophoging;
Segment_1031_1D1;4.0;H_Aa_ht;
Segment_1031_1D1;2.5;H_Ro_z&k;
Segment_1031_1D1;1.0;H_Rk_vk;
Segment_1031_1D1;0.5;H_Ro_z&k;
Segment_1031_1D1;-3.5;P_Rk_k&s;
Segment_1031_1D1;-4.5;P_Rg_zm;
Segment_1031_1D2;60.0;H_Aa_ht_ophoging;
Segment_1031_1D2;4.0;H_Aa_ht;
Segment_1031_1D2;2.5;H_Rk_k;
Segment_1031_1D2;1.0;H_Rk_vk;
Segment_1031_1D2;0.5;H_Ro_z&k;
Segment_1031_1D2;-3.5;P_Rk_k&s;
Segment_1031_1D2;-4.5;P_Rg_zm;
Segment_1031_1D3;60.0;H_Aa_ht_ophoging;
Segment_1031_1D3;4.0;H_Aa_ht;
Segment_1031_1D3;2.5;H_Ro_z&k;
Segment_1031_1D3;1.0;H_Rk_k;
Segment_1031_1D3;0.0;H_Ro_z&k;
Segment_1031_1D3;-3.5;P_Rk_k&s;
Segment_1031_1D3;-4.5;P_Rg_zm;
Segment_1031_1D4;60.0;H_Aa_ht_ophoging;
Segment_1031_1D4;4.0;H_Aa_ht;
Segment_1031_1D4;2.5;H_Rk_k;
Segment_1031_1D4;1.0;H_Rk_k;
Segment_1031_1D4;0.0;H_Ro_z&k;
Segment_1031_1D4;-3.5;P_Rk_k&s;
Segment_1031_1D4;-4.5;P_Rg_zm;
Segment_1032_1D1;60.0;H_Aa_ht_ophoging;
Segment_1032_1D1;6.0;H_Aa_ht;
Segment_1032_1D1;3.0;H_Ro_z&k;
Segment_1032_1D1;1.0;H_Rg_zm;
Segment_1032_1D1;-4.5;P_Rg_zm;
Segment_1032_1D2;60.0;H_Aa_ht_ophoging;
Segment_1032_1D2;6.0;H_Aa_ht;
Segment_1032_1D2;3.0;H_Ro_z&k;
Segment_1032_1D2;1.0;H_Rg_zm;
Segment_1032_1D2;-2.0;H_Ro_z&k;
Segment_1032_1D2;-4.0;P_Rg_zm;
Segment_1032_1D3;60.0;H_Aa_ht_ophoging;
Segment_1032_1D3;6.0;H_Aa_ht;
Segment_1032_1D3;3.0;H_Ro_z&k;
Segment_1032_1D3;1.0;H_Rk_z&k;
Segment_1032_1D3;-4.0;P_Rk_k&s;
Segment_1032_1D3;-4.5;P_Rg_zm;
Segment_1032_1D4;60.0;H_Aa_ht_ophoging;
Segment_1032_1D4;6.0;H_Aa_ht;
Segment_1032_1D4;3.0;H_Ro_z&k;
Segment_1032_1D4;1.0;H_Ro_z&k;
Segment_1032_1D4;-4.0;P_Rg_zm;
Segment_1032_1D5;60.0;H_Aa_ht_ophoging;
Segment_1032_1D5;6.0;H_Aa_ht;
Segment_1032_1D5;3.0;H_Ro_z&k;
Segment_1032_1D5;1.0;H_Rr_o&z;
Segment_1032_1D5;-4.0;H_Rk_vk;
Segment_1032_1D5;-6.0;P_Rg_zm;
Segment_1033_1D1;60.0;H_Aa_ht_ophoging;
Segment_1033_1D1;8.0;H_Aa_ht;
Segment_1033_1D1;2.5;H_Ro_z&k;
Segment_1033_1D1;0.0;H_Rk_z&k;
Segment_1033_1D1;-4.0;P_Rk_k&s;
Segment_1033_1D1;-4.5;P_Rg_zm;
Segment_1033_1D2;60.0;H_Aa_ht_ophoging;
Segment_1033_1D2;8.0;H_Aa_ht;
Segment_1033_1D2;2.5;H_Ro_z&k;
Segment_1033_1D2;0.0;H_Rk_k;
Segment_1033_1D2;-5.0;P_Rg_zm;
Segment_1033_1D3;60.0;H_Aa_ht_ophoging;
Segment_1033_1D3;8.0;H_Aa_ht;
Segment_1033_1D3;2.5;H_Ro_z&k;
Segment_1033_1D3;0.0;H_Ro_z&k;
Segment_1033_1D3;-5.0;P_Rg_zm;
Segment_1033_1D4;60.0;H_Aa_ht_ophoging;
Segment_1033_1D4;8.0;H_Aa_ht;
Segment_1033_1D4;2.5;H_Ro_z&k;
Segment_1033_1D4;0.0;H_Rk_k;
Segment_1033_1D4;-4.0;P_Rk_k&s;
Segment_1033_1D4;-4.5;P_Rg_zm;
Segment_1033_1D5;60.0;H_Aa_ht_ophoging;
Segment_1033_1D5;8.0;H_Aa_ht;
Segment_1033_1D5;2.5;H_Ro_z&k;
Segment_1033_1D5;1.5;H_Rg_zm;
Segment_1033_1D5;-5.0;P_Rg_zm;
Segment_1034_1D1;60.0;H_Aa_ht_ophoging;
Segment_1034_1D1;18.0;H_Aa_ht;
Segment_1034_1D1;3.0;H_Ro_z&k;
Segment_1034_1D1;1.5;H_Rk_k;
Segment_1034_1D1;-2.5;H_Ro_z&k;
Segment_1034_1D1;-4.0;P_Rg_zm;
Segment_1034_1D2;60.0;H_Aa_ht_ophoging;
Segment_1034_1D2;18.0;H_Aa_ht;
Segment_1034_1D2;3.0;H_Ro_z&k;
Segment_1034_1D2;1.5;H_Rk_k;
Segment_1034_1D2;-2.5;H_Rk_k;
Segment_1034_1D2;-4.0;P_Rg_zm;
Segment_1034_1D3;60.0;H_Aa_ht_ophoging;
Segment_1034_1D3;18.0;H_Aa_ht;
Segment_1034_1D3;3.0;H_Ro_z&k;
Segment_1034_1D3;1.5;H_Rk_k&v;
Segment_1034_1D3;-2.5;H_Ro_z&k;
Segment_1034_1D3;-4.0;P_Rg_zm;
Segment_1034_1D4;60.0;H_Aa_ht_ophoging;
Segment_1034_1D4;18.0;H_Aa_ht;
Segment_1034_1D4;3.0;H_Ro_z&k;
Segment_1034_1D4;1.5;H_Rk_k&v;
Segment_1034_1D4;-2.5;H_Rk_k;
Segment_1034_1D4;-4.0;P_Rg_zm;
Segment_1034_1D5;60.0;H_Aa_ht_ophoging;
Segment_1034_1D5;18.0;H_Aa_ht;
Segment_1034_1D5;3.0;H_Ro_z&k;
Segment_1034_1D5;1.5;H_Rg_zm;
Segment_1034_1D5;-5.0;P_Rg_zm;
Segment_1035_1D1;60.0;H_Aa_ht_ophoging;
Segment_1035_1D1;20.0;H_Aa_ht;
Segment_1036_1D1;60.0;H_Aa_ht_ophoging;
Segment_1036_1D1;12.0;H_Aa_ht;
Segment_1036_1D1;3.5;H_Rk_z&k;
Segment_1036_1D1;3.0;H_Rg_zm;
Segment_1036_1D1;-5.0;P_Rg_zm;
Segment_1036_1D2;60.0;H_Aa_ht_ophoging;
Segment_1036_1D2;12.0;H_Aa_ht;
Segment_1036_1D2;3.5;H_Rk_z&k;
Segment_1036_1D2;3.0;H_Rr_o&z;
Segment_1036_1D2;-5.0;P_Rg_zm;
Segment_1036_1D3;60.0;H_Aa_ht_ophoging;
Segment_1036_1D3;12.0;H_Aa_ht;
Segment_1036_1D3;3.5;H_Rk_z&k;
Segment_1036_1D3;3.0;H_Rg_zm;
Segment_1036_1D3;0.0;H_Ro_z&k;
Segment_1036_1D3;-5.0;P_Rg_zm;
Segment_1036_1D4;60.0;H_Aa_ht_ophoging;
Segment_1036_1D4;12.0;H_Aa_ht;
Segment_1036_1D4;3.5;H_Rk_z&k;
Segment_1036_1D4;3.0;H_Ro_z&k;
Segment_1036_1D4;-3.0;H_Rk_z&k;
Segment_1036_1D4;-4.25;H_Vbv_v;
Segment_1036_1D4;-4.5;P_Rk_k&s;
Segment_1036_1D4;-4.75;P_Rg_zm;
Segment_1037_1D1;60.0;H_Aa_ht_ophoging;
Segment_1037_1D1;9.0;H_Aa_ht;
Segment_1037_1D1;3.5;H_Rk_k;
Segment_1037_1D1;1.25;H_Rg_zm;
Segment_1037_1D1;-5.0;P_Rg_zm;
Segment_1037_1D2;60.0;H_Aa_ht_ophoging;
Segment_1037_1D2;9.0;H_Aa_ht;
Segment_1037_1D2;3.5;H_Ro_z&k;
Segment_1037_1D2;1.25;H_Rg_zm;
Segment_1037_1D2;-5.0;P_Rg_zm;
Segment_1037_1D3;60.0;H_Aa_ht_ophoging;
Segment_1037_1D3;9.0;H_Aa_ht;
Segment_1037_1D3;3.5;H_Rk_k;
Segment_1037_1D3;1.25;H_Rg_zm;
Segment_1037_1D3;-3.5;H_Rk_z&k;
Segment_1037_1D3;-5.0;P_Rg_zm;
Segment_1037_1D4;60.0;H_Aa_ht_ophoging;
Segment_1037_1D4;9.0;H_Aa_ht;
Segment_1037_1D4;3.5;H_Ro_z&k;
Segment_1037_1D4;1.25;H_Rg_zm;
Segment_1037_1D4;-3.5;H_Rk_z&k;
Segment_1037_1D4;-5.0;P_Rg_zm;
Segment_1037_1D5;60.0;H_Aa_ht_ophoging;
Segment_1037_1D5;9.0;H_Aa_ht;
Segment_1037_1D5;3.5;H_Rk_k;
Segment_1037_1D5;1.25;H_Ro_z&k;
Segment_1037_1D5;-3.0;H_Rk_z&k;
Segment_1037_1D5;-4.5;H_Vbv_v;
Segment_1037_1D5;-4.75;P_Rk_k&s;
Segment_1037_1D5;-5.0;P_Rg_zm;
Segment_1037_1D6;60.0;H_Aa_ht_ophoging;
Segment_1037_1D6;9.0;H_Aa_ht;
Segment_1037_1D6;3.5;H_Ro_z&k;
Segment_1037_1D6;1.25;H_Ro_z&k;
Segment_1037_1D6;-3.0;H_Rk_z&k;
Segment_1037_1D6;-4.5;H_Vbv_v;
Segment_1037_1D6;-4.75;P_Rk_k&s;
Segment_1037_1D6;-5.0;P_Rg_zm;
Segment_1038_1D1;60.0;H_Aa_ht_ophoging;
Segment_1038_1D1;8.0;H_Aa_ht;
Segment_1038_1D1;3.0;H_Rk_k;
Segment_1038_1D1;0.75;H_Rg_zm;
Segment_1038_1D1;-4.0;H_Ro_z&k;
Segment_1038_1D1;-5.5;P_Rg_zm;
Segment_1038_1D2;60.0;H_Aa_ht_ophoging;
Segment_1038_1D2;8.0;H_Aa_ht;
Segment_1038_1D2;3.0;H_Rk_k;
Segment_1038_1D2;0.75;H_Ro_z&k;
Segment_1038_1D2;-2.0;H_Ro_z&k;
Segment_1038_1D2;-5.5;P_Rg_zm;
Segment_1038_1D3;60.0;H_Aa_ht_ophoging;
Segment_1038_1D3;8.0;H_Aa_ht;
Segment_1038_1D3;3.0;H_Rk_k;
Segment_1038_1D3;0.75;H_Rk_k;
Segment_1038_1D3;-2.0;H_Ro_z&k;
Segment_1038_1D3;-5.5;P_Rg_zm;
Segment_1038_1D4;60.0;H_Aa_ht_ophoging;
Segment_1038_1D4;8.0;H_Aa_ht;
Segment_1038_1D4;3.0;H_Rk_k;
Segment_1038_1D4;0.75;H_Rg_zm;
Segment_1038_1D4;-4.0;H_Rk_z&k;
Segment_1038_1D4;-5.0;H_Rk_z&k;
Segment_1038_1D4;-5.5;P_Rg_zm;
Segment_1038_1D5;60.0;H_Aa_ht_ophoging;
Segment_1038_1D5;8.0;H_Aa_ht;
Segment_1038_1D5;3.0;H_Rk_k;
Segment_1038_1D5;0.75;H_Rg_zm;
Segment_1038_1D5;-4.0;H_Rk_z&k;
Segment_1038_1D5;-5.0;H_Vbv_v;
Segment_1038_1D5;-5.5;P_Rg_zm;
Segment_1038_1D6;60.0;H_Aa_ht_ophoging;
Segment_1038_1D6;8.0;H_Aa_ht;
Segment_1038_1D6;3.0;H_Rk_k;
Segment_1038_1D6;0.75;H_Ro_z&k;
Segment_1038_1D6;-2.0;H_Rk_z&k;
Segment_1038_1D6;-5.0;H_Rk_z&k;
Segment_1038_1D6;-5.5;P_Rg_zm;
Segment_1038_1D7;60.0;H_Aa_ht_ophoging;
Segment_1038_1D7;8.0;H_Aa_ht;
Segment_1038_1D7;3.0;H_Rk_k;
Segment_1038_1D7;0.75;H_Ro_z&k;
Segment_1038_1D7;-2.0;H_Rk_z&k;
Segment_1038_1D7;-5.0;H_Vbv_v;
Segment_1038_1D7;-5.5;P_Rg_zm;
Segment_1038_1D8;60.0;H_Aa_ht_ophoging;
Segment_1038_1D8;8.0;H_Aa_ht;
Segment_1038_1D8;3.0;H_Rk_k;
Segment_1038_1D8;0.75;H_Rk_k;
Segment_1038_1D8;-2.0;H_Rk_z&k;
Segment_1038_1D8;-5.0;H_Rk_z&k;
Segment_1038_1D8;-5.5;P_Rg_zm;
Segment_1038_1D9;60.0;H_Aa_ht_ophoging;
Segment_1038_1D9;8.0;H_Aa_ht;
Segment_1038_1D9;3.0;H_Rk_k;
Segment_1038_1D9;0.75;H_Rk_k;
Segment_1038_1D9;-2.0;H_Rk_z&k;
Segment_1038_1D9;-5.0;H_Vbv_v;
Segment_1038_1D9;-5.5;P_Rg_zm;
Segment_1039_1D1;60.0;H_Aa_ht_ophoging;
Segment_1039_1D1;5.0;H_Aa_ht;
Segment_1039_1D1;2.5;H_Rk_z&k;
Segment_1039_1D1;1.0;H_Rg_zm;
Segment_1039_1D1;0.5;H_Vbv_v;
Segment_1039_1D1;0.0;H_Ro_z&k;
Segment_1039_1D1;-5.0;P_Rk_k&s;
Segment_1039_1D1;-5.25;P_Rg_zm;
Segment_1039_1D2;60.0;H_Aa_ht_ophoging;
Segment_1039_1D2;5.0;H_Aa_ht;
Segment_1039_1D2;2.5;H_Rk_z&k;
Segment_1039_1D2;1.0;H_Rk_z&k;
Segment_1039_1D2;0.5;H_Vbv_v;
Segment_1039_1D2;0.0;H_Ro_z&k;
Segment_1039_1D2;-5.0;P_Rk_k&s;
Segment_1039_1D2;-5.25;P_Rg_zm;
Segment_1039_1D3;60.0;H_Aa_ht_ophoging;
Segment_1039_1D3;5.0;H_Aa_ht;
Segment_1039_1D3;2.5;H_Rk_z&k;
Segment_1039_1D3;1.0;H_Rg_zm;
Segment_1039_1D3;0.5;H_Rk_z&k;
Segment_1039_1D3;0.0;H_Ro_z&k;
Segment_1039_1D3;-5.0;P_Rk_k&s;
Segment_1039_1D3;-5.25;P_Rg_zm;
Segment_1039_1D4;60.0;H_Aa_ht_ophoging;
Segment_1039_1D4;5.0;H_Aa_ht;
Segment_1039_1D4;2.5;H_Rk_z&k;
Segment_1039_1D4;1.0;H_Rk_z&k;
Segment_1039_1D4;0.5;H_Rk_z&k;
Segment_1039_1D4;0.0;H_Ro_z&k;
Segment_1039_1D4;-5.0;P_Rk_k&s;
Segment_1039_1D4;-5.25;P_Rg_zm;
Segment_1039_1D5;60.0;H_Aa_ht_ophoging;
Segment_1039_1D5;5.0;H_Aa_ht;
Segment_1039_1D5;2.5;H_Rk_z&k;
Segment_1039_1D5;1.0;H_Rg_zm;
Segment_1039_1D5;0.5;H_Vbv_v;
Segment_1039_1D5;0.0;H_Rk_z&k;
Segment_1039_1D5;-5.0;P_Rk_k&s;
Segment_1039_1D5;-5.25;P_Rg_zm;
Segment_1039_1D6;60.0;H_Aa_ht_ophoging;
Segment_1039_1D6;5.0;H_Aa_ht;
Segment_1039_1D6;2.5;H_Rk_z&k;
Segment_1039_1D6;1.0;H_Rk_z&k;
Segment_1039_1D6;0.5;H_Vbv_v;
Segment_1039_1D6;0.0;H_Rk_z&k;
Segment_1039_1D6;-5.0;P_Rk_k&s;
Segment_1039_1D6;-5.25;P_Rg_zm;
Segment_1039_1D7;60.0;H_Aa_ht_ophoging;
Segment_1039_1D7;5.0;H_Aa_ht;
Segment_1039_1D7;2.5;H_Rk_z&k;
Segment_1039_1D7;1.0;H_Rg_zm;
Segment_1039_1D7;0.5;H_Rk_z&k;
Segment_1039_1D7;0.0;H_Rk_z&k;
Segment_1039_1D7;-5.0;P_Rk_k&s;
Segment_1039_1D7;-5.25;P_Rg_zm;
Segment_1039_1D8;60.0;H_Aa_ht_ophoging;
Segment_1039_1D8;5.0;H_Aa_ht;
Segment_1039_1D8;2.5;H_Rk_z&k;
Segment_1039_1D8;1.0;H_Rk_z&k;
Segment_1039_1D8;0.5;H_Rk_z&k;
Segment_1039_1D8;0.0;H_Rk_z&k;
Segment_1039_1D8;-5.0;P_Rk_k&s;
Segment_1039_1D8;-5.25;P_Rg_zm;
Segment_1040_1D1;60.0;H_Aa_ht_ophoging;
Segment_1040_1D1;3.5;H_Aa_ht;
Segment_1040_1D1;2.0;H_Rk_k;
Segment_1040_1D1;1.5;H_Rk_ko;
Segment_1040_1D1;0.5;H_Rk_k&v;
Segment_1040_1D1;-1.5;H_Rk_ko;
Segment_1040_1D1;-5.0;P_Rg_zm;
Segment_1040_1D10;60.0;H_Aa_ht_ophoging;
Segment_1040_1D10;3.5;H_Aa_ht;
Segment_1040_1D10;2.0;H_Rk_k;
Segment_1040_1D10;1.0;H_Rk_ko;
Segment_1040_1D10;-0.5;H_Rk_vk;
Segment_1040_1D10;-1.5;H_Rk_ko;
Segment_1040_1D10;-5.0;P_Rg_zm;
Segment_1040_1D2;60.0;H_Aa_ht_ophoging;
Segment_1040_1D2;3.5;H_Aa_ht;
Segment_1040_1D2;2.0;H_Rk_k;
Segment_1040_1D2;0.5;H_Rk_k&v;
Segment_1040_1D2;-1.5;H_Rk_ko;
Segment_1040_1D2;-5.0;P_Rg_zm;
Segment_1040_1D3;60.0;H_Aa_ht_ophoging;
Segment_1040_1D3;3.5;H_Aa_ht;
Segment_1040_1D3;2.0;H_Rk_k;
Segment_1040_1D3;1.0;H_Rg_zm;
Segment_1040_1D3;0.5;H_Rk_k&v;
Segment_1040_1D3;-1.5;H_Rk_ko;
Segment_1040_1D3;-5.0;P_Rg_zm;
Segment_1040_1D4;60.0;H_Aa_ht_ophoging;
Segment_1040_1D4;3.5;H_Aa_ht;
Segment_1040_1D4;2.0;H_Rk_k;
Segment_1040_1D4;1.5;H_Rk_ko;
Segment_1040_1D4;0.5;H_Rk_k&v;
Segment_1040_1D4;-1.5;H_Ro_z&k;
Segment_1040_1D4;-5.0;P_Rg_zm;
Segment_1040_1D5;60.0;H_Aa_ht_ophoging;
Segment_1040_1D5;3.5;H_Aa_ht;
Segment_1040_1D5;2.0;H_Rk_k;
Segment_1040_1D5;0.5;H_Rk_k&v;
Segment_1040_1D5;-1.5;H_Ro_z&k;
Segment_1040_1D5;-5.0;P_Rg_zm;
Segment_1040_1D6;60.0;H_Aa_ht_ophoging;
Segment_1040_1D6;3.5;H_Aa_ht;
Segment_1040_1D6;2.0;H_Rk_k;
Segment_1040_1D6;1.0;H_Rg_zm;
Segment_1040_1D6;0.5;H_Rk_k&v;
Segment_1040_1D6;-1.5;H_Ro_z&k;
Segment_1040_1D6;-5.0;P_Rg_zm;
Segment_1040_1D7;60.0;H_Aa_ht_ophoging;
Segment_1040_1D7;3.5;H_Aa_ht;
Segment_1040_1D7;2.0;H_Rk_k;
Segment_1040_1D7;1.5;H_Rk_ko;
Segment_1040_1D7;0.5;H_Rk_ko;
Segment_1040_1D7;-5.0;P_Rg_zm;
Segment_1040_1D8;60.0;H_Aa_ht_ophoging;
Segment_1040_1D8;3.5;H_Aa_ht;
Segment_1040_1D8;2.0;H_Rk_k;
Segment_1040_1D8;0.5;H_Rk_ko;
Segment_1040_1D8;-5.0;P_Rg_zm;
Segment_1040_1D9;60.0;H_Aa_ht_ophoging;
Segment_1040_1D9;3.5;H_Aa_ht;
Segment_1040_1D9;2.0;H_Rk_k;
Segment_1040_1D9;1.0;H_Rg_zm;
Segment_1040_1D9;0.5;H_Rk_ko;
Segment_1040_1D9;-5.0;P_Rg_zm;
Segment_1041_1D1;60.0;H_Aa_ht_ophoging;
Segment_1041_1D1;3.5;H_Aa_ht;
Segment_1041_1D1;2.5;H_Rk_k;
Segment_1041_1D1;1.5;H_Rk_ko;
Segment_1041_1D1;1.0;H_Rk_k;
Segment_1041_1D1;-0.5;H_Vbv_v;
Segment_1041_1D1;-1.0;H_Vbv_v;
Segment_1041_1D1;-2.0;H_Rk_ko;
Segment_1041_1D1;-3.5;P_Rk_k&s;
Segment_1041_1D1;-3.75;P_Rg_zm;
Segment_1041_1D2;60.0;H_Aa_ht_ophoging;
Segment_1041_1D2;3.5;H_Aa_ht;
Segment_1041_1D2;2.5;H_Rk_k;
Segment_1041_1D2;1.5;H_Ro_z&k;
Segment_1041_1D2;-1.0;H_Vbv_v;
Segment_1041_1D2;-2.0;H_Rk_ko;
Segment_1041_1D2;-3.5;P_Rk_k&s;
Segment_1041_1D2;-3.75;P_Rg_zm;
Segment_1041_1D3;60.0;H_Aa_ht_ophoging;
Segment_1041_1D3;3.5;H_Aa_ht;
Segment_1041_1D3;2.5;H_Rk_k;
Segment_1041_1D3;1.5;H_Rk_ko;
Segment_1041_1D3;1.0;H_Rk_k;
Segment_1041_1D3;-0.5;H_Vbv_v;
Segment_1041_1D3;-1.0;H_Rk_z&k;
Segment_1041_1D3;-2.0;H_Rk_ko;
Segment_1041_1D3;-3.5;P_Rk_k&s;
Segment_1041_1D3;-3.75;P_Rg_zm;
Segment_1041_1D4;60.0;H_Aa_ht_ophoging;
Segment_1041_1D4;3.5;H_Aa_ht;
Segment_1041_1D4;2.5;H_Rk_k;
Segment_1041_1D4;1.5;H_Ro_z&k;
Segment_1041_1D4;-1.0;H_Rk_z&k;
Segment_1041_1D4;-2.0;H_Rk_ko;
Segment_1041_1D4;-3.5;P_Rk_k&s;
Segment_1041_1D4;-3.75;P_Rg_zm;
Segment_1041_1D5;60.0;H_Aa_ht_ophoging;
Segment_1041_1D5;3.5;H_Aa_ht;
Segment_1041_1D5;2.5;H_Rk_k;
Segment_1041_1D5;1.5;H_Rk_ko;
Segment_1041_1D5;1.0;H_Rk_k;
Segment_1041_1D5;-0.5;H_Vbv_v;
Segment_1041_1D5;-1.0;H_Vbv_v;
Segment_1041_1D5;-2.0;H_Rk_k&v;
Segment_1041_1D5;-3.5;P_Rk_k&s;
Segment_1041_1D5;-3.75;P_Rg_zm;
Segment_1041_1D6;60.0;H_Aa_ht_ophoging;
Segment_1041_1D6;3.5;H_Aa_ht;
Segment_1041_1D6;2.5;H_Rk_k;
Segment_1041_1D6;1.5;H_Ro_z&k;
Segment_1041_1D6;-1.0;H_Vbv_v;
Segment_1041_1D6;-2.0;H_Rk_k&v;
Segment_1041_1D6;-3.5;P_Rk_k&s;
Segment_1041_1D6;-3.75;P_Rg_zm;
Segment_1041_1D7;60.0;H_Aa_ht_ophoging;
Segment_1041_1D7;3.5;H_Aa_ht;
Segment_1041_1D7;2.5;H_Rk_k;
Segment_1041_1D7;1.5;H_Rk_ko;
Segment_1041_1D7;1.0;H_Rk_k;
Segment_1041_1D7;-0.5;H_Vbv_v;
Segment_1041_1D7;-1.0;H_Rk_z&k;
Segment_1041_1D7;-2.0;H_Rk_k&v;
Segment_1041_1D7;-3.5;P_Rk_k&s;
Segment_1041_1D7;-3.75;P_Rg_zm;
Segment_1041_1D8;60.0;H_Aa_ht_ophoging;
Segment_1041_1D8;3.5;H_Aa_ht;
Segment_1041_1D8;2.5;H_Rk_k;
Segment_1041_1D8;1.5;H_Ro_z&k;
Segment_1041_1D8;-1.0;H_Rk_z&k;
Segment_1041_1D8;-2.0;H_Rk_k&v;
Segment_1041_1D8;-3.5;P_Rk_k&s;
Segment_1041_1D8;-3.75;P_Rg_zm;
Segment_1042_1D1;60.0;H_Aa_ht_ophoging;
Segment_1042_1D1;4.0;H_Aa_ht;
Segment_1042_1D1;3.0;H_Rk_k;
Segment_1042_1D1;2.5;H_Rg_zm;
Segment_1042_1D1;-3.0;H_Rk_z&k;
Segment_1042_1D1;-4.0;P_Rk_k&s;
Segment_1042_1D1;-4.25;P_Rg_zm;
Segment_1042_1D2;60.0;H_Aa_ht_ophoging;
Segment_1042_1D2;4.0;H_Aa_ht;
Segment_1042_1D2;3.0;H_Rk_k;
Segment_1042_1D2;2.5;H_Rr_o&z;
Segment_1042_1D2;-2.0;H_Rk_z&k;
Segment_1042_1D2;-4.0;P_Rk_k&s;
Segment_1042_1D2;-4.25;P_Rg_zm;
Segment_1042_1D3;60.0;H_Aa_ht_ophoging;
Segment_1042_1D3;4.0;H_Aa_ht;
Segment_1042_1D3;3.0;H_Rk_k;
Segment_1042_1D3;2.5;H_Rk_z&k;
Segment_1042_1D3;-4.0;P_Rk_k&s;
Segment_1042_1D3;-4.25;P_Rg_zm;
Segment_1043_1D1;60.0;H_Aa_ht_ophoging;
Segment_1043_1D1;5.5;H_Aa_ht;
Segment_1043_1D1;3.0;H_Rk_k;
Segment_1043_1D1;1.5;H_Rg_zm;
Segment_1043_1D1;1.0;H_Rk_z&k;
Segment_1043_1D1;-2.0;H_Rk_z&k;
Segment_1043_1D1;-5.0;P_Rg_zm;
Segment_1043_1D2;60.0;H_Aa_ht_ophoging;
Segment_1043_1D2;5.5;H_Aa_ht;
Segment_1043_1D2;3.0;H_Rk_k;
Segment_1043_1D2;1.5;H_Rk_z&k;
Segment_1043_1D2;1.0;H_Rk_z&k;
Segment_1043_1D2;-2.0;H_Rk_z&k;
Segment_1043_1D2;-5.0;P_Rg_zm;
Segment_1043_1D3;60.0;H_Aa_ht_ophoging;
Segment_1043_1D3;5.5;H_Aa_ht;
Segment_1043_1D3;3.0;H_Rk_k;
Segment_1043_1D3;1.5;H_Rg_zm;
Segment_1043_1D3;1.0;H_Ro_z&k;
Segment_1043_1D3;-2.0;H_Rk_z&k;
Segment_1043_1D3;-5.0;P_Rg_zm;
Segment_1043_1D4;60.0;H_Aa_ht_ophoging;
Segment_1043_1D4;5.5;H_Aa_ht;
Segment_1043_1D4;3.0;H_Rk_k;
Segment_1043_1D4;1.5;H_Rk_z&k;
Segment_1043_1D4;1.0;H_Ro_z&k;
Segment_1043_1D4;-2.0;H_Rk_z&k;
Segment_1043_1D4;-5.0;P_Rg_zm;
Segment_1043_1D5;60.0;H_Aa_ht_ophoging;
Segment_1043_1D5;5.5;H_Aa_ht;
Segment_1043_1D5;3.0;H_Rk_k;
Segment_1043_1D5;1.5;H_Rg_zm;
Segment_1043_1D5;1.0;H_Rk_k&v;
Segment_1043_1D5;-2.0;H_Rk_z&k;
Segment_1043_1D5;-5.0;P_Rg_zm;
Segment_1043_1D6;60.0;H_Aa_ht_ophoging;
Segment_1043_1D6;5.5;H_Aa_ht;
Segment_1043_1D6;3.0;H_Rk_k;
Segment_1043_1D6;1.5;H_Rk_z&k;
Segment_1043_1D6;1.0;H_Rk_k&v;
Segment_1043_1D6;-2.0;H_Rk_z&k;
Segment_1043_1D6;-5.0;P_Rg_zm;
Segment_1044_1D1;60.0;H_Aa_ht_ophoging;
Segment_1044_1D1;3.5;H_Aa_ht;
Segment_1044_1D1;2.5;H_Rk_k;
Segment_1044_1D1;1.5;H_Rg_zm;
Segment_1044_1D1;-1.0;H_Rk_vk;
Segment_1044_1D1;-1.5;H_Rk_z&k;
Segment_1044_1D1;-3.5;P_Rk_k&s;
Segment_1044_1D1;-3.75;P_Rg_zm;
Segment_1044_1D2;60.0;H_Aa_ht_ophoging;
Segment_1044_1D2;3.5;H_Aa_ht;
Segment_1044_1D2;2.5;H_Rk_k;
Segment_1044_1D2;1.5;H_Rk_z&k;
Segment_1044_1D2;-1.0;H_Rk_vk;
Segment_1044_1D2;-1.5;H_Rk_z&k;
Segment_1044_1D2;-3.5;P_Rk_k&s;
Segment_1044_1D2;-3.75;P_Rg_zm;
Segment_1044_1D3;60.0;H_Aa_ht_ophoging;
Segment_1044_1D3;3.5;H_Aa_ht;
Segment_1044_1D3;2.5;H_Rk_k;
Segment_1044_1D3;1.5;H_Ro_z&k;
Segment_1044_1D3;-1.0;H_Rk_vk;
Segment_1044_1D3;-1.5;H_Rk_z&k;
Segment_1044_1D3;-3.5;P_Rk_k&s;
Segment_1044_1D3;-3.75;P_Rg_zm;
Segment_1044_1D4;60.0;H_Aa_ht_ophoging;
Segment_1044_1D4;3.5;H_Aa_ht;
Segment_1044_1D4;2.5;H_Rk_k;
Segment_1044_1D4;1.5;H_Rg_zm;
Segment_1044_1D4;-1.0;H_Rk_z&k;
Segment_1044_1D4;-2.0;H_Rk_ko;
Segment_1044_1D4;-3.5;P_Rk_k&s;
Segment_1044_1D4;-3.75;P_Rg_zm;
Segment_1044_1D5;60.0;H_Aa_ht_ophoging;
Segment_1044_1D5;3.5;H_Aa_ht;
Segment_1044_1D5;2.5;H_Rk_k;
Segment_1044_1D5;1.5;H_Rk_z&k;
Segment_1044_1D5;-1.0;H_Rk_z&k;
Segment_1044_1D5;-2.0;H_Rk_ko;
Segment_1044_1D5;-3.5;P_Rk_k&s;
Segment_1044_1D5;-3.75;P_Rg_zm;
Segment_1044_1D6;60.0;H_Aa_ht_ophoging;
Segment_1044_1D6;3.5;H_Aa_ht;
Segment_1044_1D6;2.5;H_Rk_k;
Segment_1044_1D6;1.5;H_Ro_z&k;
Segment_1044_1D6;-1.0;H_Rk_z&k;
Segment_1044_1D6;-2.0;H_Rk_ko;
Segment_1044_1D6;-3.5;P_Rk_k&s;
Segment_1044_1D6;-3.75;P_Rg_zm;
Segment_1045_1D1;60.0;H_Aa_ht_ophoging;
Segment_1045_1D1;3.0;H_Aa_ht;
Segment_1045_1D1;2.0;H_Rk_k;
Segment_1045_1D1;0.0;H_Rk_vk;
Segment_1045_1D1;-2.0;P_Rk_k&s;
Segment_1045_1D1;-3.75;P_Rg_zm;
Segment_1045_1D2;60.0;H_Aa_ht_ophoging;
Segment_1045_1D2;3.0;H_Aa_ht;
Segment_1045_1D2;2.0;H_Rk_k;
Segment_1045_1D2;0.5;H_Rk_k&v;
Segment_1045_1D2;0.0;H_Rk_vk;
Segment_1045_1D2;-2.0;P_Rk_k&s;
Segment_1045_1D2;-3.75;P_Rg_zm;
Segment_1045_1D3;60.0;H_Aa_ht_ophoging;
Segment_1045_1D3;3.0;H_Aa_ht;
Segment_1045_1D3;2.0;H_Rk_k;
Segment_1045_1D3;0.0;H_Rk_k;
Segment_1045_1D3;-1.0;H_Rk_k&v;
Segment_1045_1D3;-3.5;P_Rk_k&s;
Segment_1045_1D3;-3.75;P_Rg_zm;
Segment_1045_1D4;60.0;H_Aa_ht_ophoging;
Segment_1045_1D4;3.0;H_Aa_ht;
Segment_1045_1D4;2.0;H_Rk_k;
Segment_1045_1D4;0.5;H_Rk_k&v;
Segment_1045_1D4;0.0;H_Rk_k;
Segment_1045_1D4;-1.0;H_Rk_k&v;
Segment_1045_1D4;-3.5;P_Rk_k&s;
Segment_1045_1D4;-3.75;P_Rg_zm;
Segment_1045_1D5;60.0;H_Aa_ht_ophoging;
Segment_1045_1D5;3.0;H_Aa_ht;
Segment_1045_1D5;2.0;H_Rk_k;
Segment_1045_1D5;0.0;H_Rk_k;
Segment_1045_1D5;-1.0;H_Ro_z&k;
Segment_1045_1D5;-3.5;P_Rk_k&s;
Segment_1045_1D5;-3.75;P_Rg_zm;
Segment_1045_1D6;60.0;H_Aa_ht_ophoging;
Segment_1045_1D6;3.0;H_Aa_ht;
Segment_1045_1D6;2.0;H_Rk_k;
Segment_1045_1D6;0.5;H_Rk_k&v;
Segment_1045_1D6;0.0;H_Rk_k;
Segment_1045_1D6;-1.0;H_Ro_z&k;
Segment_1045_1D6;-3.5;P_Rk_k&s;
Segment_1045_1D6;-3.75;P_Rg_zm;
Segment_1045_1D7;60.0;H_Aa_ht_ophoging;
Segment_1045_1D7;3.0;H_Aa_ht;
Segment_1045_1D7;2.0;H_Rk_k;
Segment_1045_1D7;0.0;H_Rk_k;
Segment_1045_1D7;-3.5;P_Rk_k&s;
Segment_1045_1D7;-3.75;P_Rg_zm;
Segment_1045_1D8;60.0;H_Aa_ht_ophoging;
Segment_1045_1D8;3.0;H_Aa_ht;
Segment_1045_1D8;2.0;H_Rk_k;
Segment_1045_1D8;0.5;H_Rk_k&v;
Segment_1045_1D8;0.0;H_Rk_k;
Segment_1045_1D8;-3.5;P_Rk_k&s;
Segment_1045_1D8;-3.75;P_Rg_zm;
Segment_1046_1D1;60.0;H_Aa_ht_ophoging;
Segment_1046_1D1;3.0;H_Aa_ht;
Segment_1046_1D1;2.0;H_Rk_k;
Segment_1046_1D1;1.5;H_Rg_zm;
Segment_1046_1D1;-1.5;H_Rk_k&v;
Segment_1046_1D1;-4.0;P_Rk_k&s;
Segment_1046_1D1;-4.25;P_Rg_zm;
Segment_1046_1D2;60.0;H_Aa_ht_ophoging;
Segment_1046_1D2;3.0;H_Aa_ht;
Segment_1046_1D2;2.0;H_Rk_k;
Segment_1046_1D2;1.5;H_Ro_z&k;
Segment_1046_1D2;-1.5;H_Rk_k&v;
Segment_1046_1D2;-4.0;P_Rk_k&s;
Segment_1046_1D2;-4.25;P_Rg_zm;
Segment_1046_1D3;60.0;H_Aa_ht_ophoging;
Segment_1046_1D3;3.0;H_Aa_ht;
Segment_1046_1D3;2.0;H_Rk_k;
Segment_1046_1D3;1.5;H_Rg_zm;
Segment_1046_1D3;-1.5;H_Rk_k;
Segment_1046_1D3;-4.0;P_Rk_k&s;
Segment_1046_1D3;-4.25;P_Rg_zm;
Segment_1046_1D4;60.0;H_Aa_ht_ophoging;
Segment_1046_1D4;3.0;H_Aa_ht;
Segment_1046_1D4;2.0;H_Rk_k;
Segment_1046_1D4;1.5;H_Ro_z&k;
Segment_1046_1D4;-1.5;H_Rk_k;
Segment_1046_1D4;-4.0;P_Rk_k&s;
Segment_1046_1D4;-4.25;P_Rg_zm;
Segment_1046_1D5;60.0;H_Aa_ht_ophoging;
Segment_1046_1D5;3.0;H_Aa_ht;
Segment_1046_1D5;2.0;H_Rk_k;
Segment_1046_1D5;1.5;H_Rg_zm;
Segment_1046_1D5;-1.5;H_Ro_z&k;
Segment_1046_1D5;-4.0;P_Rk_k&s;
Segment_1046_1D5;-4.25;P_Rg_zm;
Segment_1046_1D6;60.0;H_Aa_ht_ophoging;
Segment_1046_1D6;3.0;H_Aa_ht;
Segment_1046_1D6;2.0;H_Rk_k;
Segment_1046_1D6;1.5;H_Ro_z&k;
Segment_1046_1D6;-1.5;H_Ro_z&k;
Segment_1046_1D6;-4.0;P_Rk_k&s;
Segment_1046_1D6;-4.25;P_Rg_zm;
Segment_1047_1D1;60.0;H_Aa_ht_ophoging;
Segment_1047_1D1;3.0;H_Aa_ht;
Segment_1047_1D1;1.5;H_Rk_k;
Segment_1047_1D1;0.5;H_Rk_k&v;
Segment_1047_1D1;0.0;H_Rk_k&v;
Segment_1047_1D1;-2.0;H_Rk_k;
Segment_1047_1D1;-4.0;P_Rk_k&s;
Segment_1047_1D1;-4.25;P_Rg_zm;
Segment_1047_1D2;60.0;H_Aa_ht_ophoging;
Segment_1047_1D2;3.0;H_Aa_ht;
Segment_1047_1D2;1.5;H_Rk_k;
Segment_1047_1D2;0.5;H_Rk_k&v;
Segment_1047_1D2;0.0;H_Rk_k;
Segment_1047_1D2;-2.0;H_Rk_k;
Segment_1047_1D2;-4.0;P_Rk_k&s;
Segment_1047_1D2;-4.25;P_Rg_zm;
Segment_1047_1D3;60.0;H_Aa_ht_ophoging;
Segment_1047_1D3;3.0;H_Aa_ht;
Segment_1047_1D3;1.5;H_Rk_k;
Segment_1047_1D3;0.5;H_Rk_k&v;
Segment_1047_1D3;0.0;H_Ro_z&k;
Segment_1047_1D3;-1.0;H_Rk_k&v;
Segment_1047_1D3;-2.0;H_Rk_k;
Segment_1047_1D3;-4.0;P_Rk_k&s;
Segment_1047_1D3;-4.25;P_Rg_zm;
Segment_1047_1D4;60.0;H_Aa_ht_ophoging;
Segment_1047_1D4;3.0;H_Aa_ht;
Segment_1047_1D4;1.5;H_Rk_k;
Segment_1047_1D4;0.5;H_Rk_k&v;
Segment_1047_1D4;0.0;H_Ro_z&k;
Segment_1047_1D4;-1.0;H_Rk_k;
Segment_1047_1D4;-2.0;H_Rk_k;
Segment_1047_1D4;-4.0;P_Rk_k&s;
Segment_1047_1D4;-4.25;P_Rg_zm;
Segment_1047_1D5;60.0;H_Aa_ht_ophoging;
Segment_1047_1D5;3.0;H_Aa_ht;
Segment_1047_1D5;1.5;H_Rk_k;
Segment_1047_1D5;0.5;H_Rk_k&v;
Segment_1047_1D5;0.0;H_Rk_k&v;
Segment_1047_1D5;-2.0;H_Rg_zm;
Segment_1047_1D5;-4.0;P_Rk_k&s;
Segment_1047_1D5;-4.25;P_Rg_zm;
Segment_1047_1D6;60.0;H_Aa_ht_ophoging;
Segment_1047_1D6;3.0;H_Aa_ht;
Segment_1047_1D6;1.5;H_Rk_k;
Segment_1047_1D6;0.5;H_Rk_k&v;
Segment_1047_1D6;0.0;H_Rk_k;
Segment_1047_1D6;-2.0;H_Rg_zm;
Segment_1047_1D6;-4.0;P_Rk_k&s;
Segment_1047_1D6;-4.25;P_Rg_zm;
Segment_1047_1D7;60.0;H_Aa_ht_ophoging;
Segment_1047_1D7;3.0;H_Aa_ht;
Segment_1047_1D7;1.5;H_Rk_k;
Segment_1047_1D7;0.5;H_Rk_k&v;
Segment_1047_1D7;0.0;H_Ro_z&k;
Segment_1047_1D7;-1.0;H_Rk_k&v;
Segment_1047_1D7;-2.0;H_Rg_zm;
Segment_1047_1D7;-4.0;P_Rk_k&s;
Segment_1047_1D7;-4.25;P_Rg_zm;
Segment_1047_1D8;60.0;H_Aa_ht_ophoging;
Segment_1047_1D8;3.0;H_Aa_ht;
Segment_1047_1D8;1.5;H_Rk_k;
Segment_1047_1D8;0.5;H_Rk_k&v;
Segment_1047_1D8;0.0;H_Ro_z&k;
Segment_1047_1D8;-1.0;H_Rk_k;
Segment_1047_1D8;-2.0;H_Rg_zm;
Segment_1047_1D8;-4.0;P_Rk_k&s;
Segment_1047_1D8;-4.25;P_Rg_zm;
Segment_1048_1D1;60.0;H_Aa_ht_ophoging;
Segment_1048_1D1;3.0;H_Aa_ht;
Segment_1048_1D1;1.25;H_Rk_k;
Segment_1048_1D1;0.25;H_Rk_k&v;
Segment_1048_1D1;-1.0;H_Rk_k&v;
Segment_1048_1D1;-3.5;H_Ro_z&k;
Segment_1048_1D1;-6.0;P_Rg_zm;
Segment_1048_1D2;60.0;H_Aa_ht_ophoging;
Segment_1048_1D2;3.0;H_Aa_ht;
Segment_1048_1D2;1.25;H_Rk_k;
Segment_1048_1D2;0.25;H_Rk_k&v;
Segment_1048_1D2;-1.0;H_Rk_vk;
Segment_1048_1D2;-3.5;H_Ro_z&k;
Segment_1048_1D2;-6.0;P_Rg_zm;
Segment_1048_1D3;60.0;H_Aa_ht_ophoging;
Segment_1048_1D3;3.0;H_Aa_ht;
Segment_1048_1D3;1.25;H_Rk_k;
Segment_1048_1D3;0.25;H_Rk_k&v;
Segment_1048_1D3;-1.0;H_Rk_k&v;
Segment_1048_1D3;-3.5;H_Rk_k&v;
Segment_1048_1D3;-6.0;P_Rg_zm;
Segment_1048_1D4;60.0;H_Aa_ht_ophoging;
Segment_1048_1D4;3.0;H_Aa_ht;
Segment_1048_1D4;1.25;H_Rk_k;
Segment_1048_1D4;0.25;H_Rk_k&v;
Segment_1048_1D4;-1.0;H_Rk_vk;
Segment_1048_1D4;-3.5;H_Rk_k&v;
Segment_1048_1D4;-6.0;P_Rg_zm;
Segment_1049_1D1;60.0;H_Aa_ht_ophoging;
Segment_1049_1D1;4.5;H_Aa_ht;
Segment_1049_1D1;1.5;H_Rk_k;
Segment_1049_1D1;1.0;H_Rk_k;
Segment_1049_1D1;0.0;H_Rk_k;
Segment_1049_1D1;-0.5;H_Rk_vk;
Segment_1049_1D1;-1.0;H_Rk_k;
Segment_1049_1D1;-2.0;H_Ro_z&k;
Segment_1049_1D1;-4.0;P_Rg_zm;
Segment_1049_1D2;60.0;H_Aa_ht_ophoging;
Segment_1049_1D2;4.5;H_Aa_ht;
Segment_1049_1D2;1.5;H_Rk_k;
Segment_1049_1D2;1.0;H_Ro_z&k;
Segment_1049_1D2;0.0;H_Rk_k;
Segment_1049_1D2;-0.5;H_Rk_vk;
Segment_1049_1D2;-1.0;H_Rk_k;
Segment_1049_1D2;-2.0;H_Ro_z&k;
Segment_1049_1D2;-4.0;P_Rg_zm;
Segment_1049_1D3;60.0;H_Aa_ht_ophoging;
Segment_1049_1D3;4.5;H_Aa_ht;
Segment_1049_1D3;1.5;H_Rk_k;
Segment_1049_1D3;1.0;H_Rk_k;
Segment_1049_1D3;0.0;H_Rk_k;
Segment_1049_1D3;-2.0;H_Ro_z&k;
Segment_1049_1D3;-4.0;P_Rg_zm;
Segment_1049_1D4;60.0;H_Aa_ht_ophoging;
Segment_1049_1D4;4.5;H_Aa_ht;
Segment_1049_1D4;1.5;H_Rk_k;
Segment_1049_1D4;1.0;H_Ro_z&k;
Segment_1049_1D4;0.0;H_Rk_k;
Segment_1049_1D4;-2.0;H_Ro_z&k;
Segment_1049_1D4;-4.0;P_Rg_zm;
Segment_1050_1D1;60.0;H_Aa_ht_ophoging;
Segment_1050_1D1;6.5;H_Aa_ht;
Segment_1050_1D1;2.5;H_Rk_k;
Segment_1050_1D1;1.0;H_Rg_zm;
Segment_1050_1D1;-2.0;H_Rg_zm;
Segment_1050_1D1;-6.0;P_Rg_zm;
Segment_1050_1D2;60.0;H_Aa_ht_ophoging;
Segment_1050_1D2;6.5;H_Aa_ht;
Segment_1050_1D2;2.5;H_Rk_k;
Segment_1050_1D2;1.0;H_Rk_k;
Segment_1050_1D2;-2.0;H_Rg_zm;
Segment_1050_1D2;-6.0;P_Rg_zm;
Segment_1050_1D3;60.0;H_Aa_ht_ophoging;
Segment_1050_1D3;6.5;H_Aa_ht;
Segment_1050_1D3;2.5;H_Rk_k;
Segment_1050_1D3;1.0;H_Rk_vk;
Segment_1050_1D3;-3.5;H_Rg_zm;
Segment_1050_1D3;-6.0;P_Rg_zm;
Segment_1050_1D4;60.0;H_Aa_ht_ophoging;
Segment_1050_1D4;6.5;H_Aa_ht;
Segment_1050_1D4;2.5;H_Rk_k;
Segment_1050_1D4;1.0;H_Rg_zm;
Segment_1050_1D4;-2.0;H_Rk_k;
Segment_1050_1D4;-5.75;P_Rk_k&s;
Segment_1050_1D4;-6.0;P_Rg_zm;
Segment_1050_1D5;60.0;H_Aa_ht_ophoging;
Segment_1050_1D5;6.5;H_Aa_ht;
Segment_1050_1D5;2.5;H_Rk_k;
Segment_1050_1D5;1.0;H_Rk_k;
Segment_1050_1D5;-2.0;H_Rk_k;
Segment_1050_1D5;-5.75;P_Rk_k&s;
Segment_1050_1D5;-6.0;P_Rg_zm;
Segment_1050_1D6;60.0;H_Aa_ht_ophoging;
Segment_1050_1D6;6.5;H_Aa_ht;
Segment_1050_1D6;2.5;H_Rk_k;
Segment_1050_1D6;1.0;H_Rk_vk;
Segment_1050_1D6;-3.5;H_Rk_k;
Segment_1050_1D6;-5.75;P_Rk_k&s;
Segment_1050_1D6;-6.0;P_Rg_zm;
Segment_1051_1D1;60.0;H_Aa_ht_ophoging;
Segment_1051_1D1;10.0;H_Aa_ht;
Segment_1051_1D1;2.5;H_Rk_k;
Segment_1051_1D1;0.5;H_Rk_k;
Segment_1051_1D1;-1.0;H_Rk_vk;
Segment_1051_1D1;-2.0;H_Rk_k;
Segment_1051_1D1;-5.0;P_Rg_zm;
Segment_1051_1D2;60.0;H_Aa_ht_ophoging;
Segment_1051_1D2;10.0;H_Aa_ht;
Segment_1051_1D2;2.5;H_Rk_k;
Segment_1051_1D2;0.5;H_Rk_k;
Segment_1051_1D2;-1.0;H_Rk_vk;
Segment_1051_1D2;-4.0;H_Rk_k;
Segment_1051_1D2;-5.0;P_Rg_zm;
Segment_1051_1D3;60.0;H_Aa_ht_ophoging;
Segment_1051_1D3;10.0;H_Aa_ht;
Segment_1051_1D3;2.5;H_Rk_k;
Segment_1051_1D3;0.5;H_Rg_zm;
Segment_1051_1D3;-5.0;P_Rg_zm;
Segment_1052_1D1;60.0;H_Aa_ht_ophoging;
Segment_1052_1D1;15.0;H_Aa_ht;
Segment_1052_1D1;3.0;H_Rk_k;
Segment_1052_1D1;0.5;H_Rk_k;
Segment_1052_1D1;-6.0;P_Rg_zm;
Segment_1052_1D2;60.0;H_Aa_ht_ophoging;
Segment_1052_1D2;15.0;H_Aa_ht;
Segment_1052_1D2;3.0;H_Ro_z&k;
Segment_1052_1D2;0.5;H_Rk_k;
Segment_1052_1D2;-6.0;P_Rg_zm;
Segment_1052_1D3;60.0;H_Aa_ht_ophoging;
Segment_1052_1D3;15.0;H_Aa_ht;
Segment_1052_1D3;3.0;H_Rk_k;
Segment_1052_1D3;0.5;H_Rk_k;
Segment_1052_1D3;-1.0;H_Rk_vk;
Segment_1052_1D3;-2.0;H_Rk_k;
Segment_1052_1D3;-6.0;P_Rg_zm;
Segment_1052_1D4;60.0;H_Aa_ht_ophoging;
Segment_1052_1D4;15.0;H_Aa_ht;
Segment_1052_1D4;3.0;H_Ro_z&k;
Segment_1052_1D4;0.5;H_Rk_k;
Segment_1052_1D4;-1.0;H_Rk_vk;
Segment_1052_1D4;-2.0;H_Rk_k;
Segment_1052_1D4;-6.0;P_Rg_zm;
Segment_1052_1D5;60.0;H_Aa_ht_ophoging;
Segment_1052_1D5;15.0;H_Aa_ht;
Segment_1052_1D5;3.0;H_Rk_k;
Segment_1052_1D5;0.5;H_Rg_zm;
Segment_1052_1D5;-6.0;P_Rg_zm;
Segment_1052_1D6;60.0;H_Aa_ht_ophoging;
Segment_1052_1D6;15.0;H_Aa_ht;
Segment_1052_1D6;3.0;H_Ro_z&k;
Segment_1052_1D6;0.5;H_Rg_zm;
Segment_1052_1D6;-6.0;P_Rg_zm;
Segment_1053_1D1;60.0;H_Aa_ht_ophoging;
Segment_1053_1D1;15.0;H_Aa_ht;
Segment_1054_1D1;60.0;H_Aa_ht_ophoging;
Segment_1054_1D1;11.0;H_Aa_ht;
Segment_1054_1D1;3.5;H_Rk_k;
Segment_1054_1D1;2.5;H_Rg_zm;
Segment_1054_1D1;0.0;H_Rk_k;
Segment_1054_1D1;-6.0;P_Rg_zm;
Segment_1054_1D2;60.0;H_Aa_ht_ophoging;
Segment_1054_1D2;11.0;H_Aa_ht;
Segment_1054_1D2;3.5;H_Rk_k;
Segment_1054_1D2;2.5;H_Rg_zm;
Segment_1054_1D2;0.0;H_Rg_zm;
Segment_1054_1D2;-6.0;P_Rg_zm;
Segment_1055_1D1;60.0;H_Aa_ht_ophoging;
Segment_1055_1D1;8.0;H_Aa_ht;
Segment_1055_1D1;2.0;H_Rk_k;
Segment_1055_1D1;1.0;H_Rg_zm;
Segment_1055_1D1;0.0;H_Rk_k;
Segment_1055_1D1;-0.25;H_Rk_vk;
Segment_1055_1D1;-0.5;H_Rk_k;
Segment_1055_1D1;-6.0;P_Rg_zm;
Segment_1055_1D2;60.0;H_Aa_ht_ophoging;
Segment_1055_1D2;8.0;H_Aa_ht;
Segment_1055_1D2;2.0;H_Rk_k;
Segment_1055_1D2;1.0;H_Rg_zm;
Segment_1055_1D2;0.0;H_Rk_k;
Segment_1055_1D2;-6.0;P_Rg_zm;
Segment_1056_1D1;60.0;H_Aa_ht_ophoging;
Segment_1056_1D1;3.5;H_Aa_ht;
Segment_1056_1D1;2.5;H_Rk_k;
Segment_1056_1D1;1.25;H_Rg_zm;
Segment_1056_1D1;0.5;H_Ro_z&k;
Segment_1056_1D1;-2.0;H_Rk_vk;
Segment_1056_1D1;-3.0;H_Rk_k;
Segment_1056_1D1;-5.5;P_Rg_zm;
Segment_1056_1D2;60.0;H_Aa_ht_ophoging;
Segment_1056_1D2;3.5;H_Aa_ht;
Segment_1056_1D2;2.5;H_Rk_k;
Segment_1056_1D2;1.25;H_Rg_zm;
Segment_1056_1D2;-2.0;H_Rk_vk;
Segment_1056_1D2;-3.0;H_Rk_k;
Segment_1056_1D2;-5.5;P_Rg_zm;
Segment_1056_1D3;60.0;H_Aa_ht_ophoging;
Segment_1056_1D3;3.5;H_Aa_ht;
Segment_1056_1D3;2.5;H_Rk_k;
Segment_1056_1D3;1.25;H_Ro_z&k;
Segment_1056_1D3;-2.0;H_Rk_vk;
Segment_1056_1D3;-3.0;H_Rk_k;
Segment_1056_1D3;-5.5;P_Rg_zm;
Segment_1056_1D4;60.0;H_Aa_ht_ophoging;
Segment_1056_1D4;3.5;H_Aa_ht;
Segment_1056_1D4;2.5;H_Rk_k;
Segment_1056_1D4;1.25;H_Rg_zm;
Segment_1056_1D4;-5.5;P_Rg_zm;
Segment_1057_1D1;60.0;H_Aa_ht_ophoging;
Segment_1057_1D1;3.0;H_Aa_ht;
Segment_1057_1D1;2.0;H_Rk_k;
Segment_1057_1D1;1.25;H_Rg_zm;
Segment_1057_1D1;-0.5;H_Rk_k;
Segment_1057_1D1;-2.0;H_Rk_vk;
Segment_1057_1D1;-4.5;H_Rk_k;
Segment_1057_1D1;-5.5;P_Rg_zm;
Segment_1057_1D2;60.0;H_Aa_ht_ophoging;
Segment_1057_1D2;3.0;H_Aa_ht;
Segment_1057_1D2;2.0;H_Rk_k;
Segment_1057_1D2;0.5;H_Rg_zm;
Segment_1057_1D2;-0.5;H_Rk_k;
Segment_1057_1D2;-2.0;H_Rk_vk;
Segment_1057_1D2;-4.5;H_Rk_k;
Segment_1057_1D2;-5.5;P_Rg_zm;
Segment_1057_1D3;60.0;H_Aa_ht_ophoging;
Segment_1057_1D3;3.0;H_Aa_ht;
Segment_1057_1D3;2.0;H_Rk_k;
Segment_1057_1D3;1.25;H_Rg_zm;
Segment_1057_1D3;-1.5;H_Rk_k;
Segment_1057_1D3;-2.0;H_Rk_vk;
Segment_1057_1D3;-4.5;H_Rk_k;
Segment_1057_1D3;-5.5;P_Rg_zm;
Segment_1057_1D4;60.0;H_Aa_ht_ophoging;
Segment_1057_1D4;3.0;H_Aa_ht;
Segment_1057_1D4;2.0;H_Rk_k;
Segment_1057_1D4;0.5;H_Rg_zm;
Segment_1057_1D4;-1.5;H_Rk_k;
Segment_1057_1D4;-2.0;H_Rk_vk;
Segment_1057_1D4;-4.5;H_Rk_k;
Segment_1057_1D4;-5.5;P_Rg_zm;
Segment_1057_1D5;60.0;H_Aa_ht_ophoging;
Segment_1057_1D5;3.0;H_Aa_ht;
Segment_1057_1D5;2.0;H_Rk_k;
Segment_1057_1D5;-2.0;H_Rk_vk;
Segment_1057_1D5;-4.5;H_Rk_k;
Segment_1057_1D5;-5.5;P_Rg_zm;
Segment_1058_1D1;60.0;H_Aa_ht_ophoging;
Segment_1058_1D1;2.5;H_Aa_ht;
Segment_1058_1D1;1.5;H_Rk_k;
Segment_1058_1D1;-1.0;H_Rk_vk;
Segment_1058_1D1;-5.5;H_Rk_k;
Segment_1058_1D1;-6.0;P_Rg_zm;
Segment_1058_1D2;60.0;H_Aa_ht_ophoging;
Segment_1058_1D2;2.5;H_Aa_ht;
Segment_1058_1D2;1.5;H_Ro_z&k;
Segment_1058_1D2;0.0;H_Rk_k;
Segment_1058_1D2;-1.0;H_Rk_vk;
Segment_1058_1D2;-5.5;H_Rk_k;
Segment_1058_1D2;-6.0;P_Rg_zm;
Segment_1058_1D3;60.0;H_Aa_ht_ophoging;
Segment_1058_1D3;2.5;H_Aa_ht;
Segment_1058_1D3;1.5;H_Ro_z&k;
Segment_1058_1D3;0.0;H_Rg_zm;
Segment_1058_1D3;-1.5;H_Rk_vk;
Segment_1058_1D3;-5.5;H_Rk_k;
Segment_1058_1D3;-6.0;P_Rg_zm;
Segment_1059_1D1;60.0;H_Aa_ht_ophoging;
Segment_1059_1D1;5.0;H_Aa_ht;
Segment_1059_1D1;1.5;H_Rk_k;
Segment_1059_1D1;1.0;H_Rg_zm;
Segment_1059_1D1;-6.5;P_Rg_zm;
Segment_1059_1D2;60.0;H_Aa_ht_ophoging;
Segment_1059_1D2;5.0;H_Aa_ht;
Segment_1059_1D2;1.5;H_Rk_k;
Segment_1059_1D2;0.5;H_Rg_zm;
Segment_1059_1D2;-6.5;P_Rg_zm;
Segment_1059_1D3;60.0;H_Aa_ht_ophoging;
Segment_1059_1D3;5.0;H_Aa_ht;
Segment_1059_1D3;1.5;H_Rk_k;
Segment_1059_1D3;1.0;H_Rg_zm;
Segment_1059_1D3;-4.5;H_Rk_k;
Segment_1059_1D3;-5.5;H_Rk_vk;
Segment_1059_1D3;-6.5;P_Rg_zm;
Segment_1059_1D4;60.0;H_Aa_ht_ophoging;
Segment_1059_1D4;5.0;H_Aa_ht;
Segment_1059_1D4;1.5;H_Rk_k;
Segment_1059_1D4;0.5;H_Rg_zm;
Segment_1059_1D4;-4.5;H_Rk_k;
Segment_1059_1D4;-5.5;H_Rk_vk;
Segment_1059_1D4;-6.5;P_Rg_zm;
Segment_1060_1D1;60.0;H_Aa_ht_ophoging;
Segment_1060_1D1;8.0;H_Aa_ht;
Segment_1060_1D1;1.5;H_Rk_k;
Segment_1060_1D1;-1.0;H_Rk_k&v;
Segment_1060_1D1;-6.5;P_Rg_zm;
Segment_1060_1D2;60.0;H_Aa_ht_ophoging;
Segment_1060_1D2;8.0;H_Aa_ht;
Segment_1060_1D2;1.5;H_Rk_k;
Segment_1060_1D2;-2.0;H_Rk_k&v;
Segment_1060_1D2;-6.5;P_Rg_zm;
Segment_1060_1D3;60.0;H_Aa_ht_ophoging;
Segment_1060_1D3;8.0;H_Aa_ht;
Segment_1060_1D3;1.5;H_Ro_z&k;
Segment_1060_1D3;-1.0;H_Rk_k&v;
Segment_1060_1D3;-6.5;P_Rg_zm;
Segment_1060_1D4;60.0;H_Aa_ht_ophoging;
Segment_1060_1D4;8.0;H_Aa_ht;
Segment_1060_1D4;1.5;H_Ro_z&k;
Segment_1060_1D4;-2.0;H_Rk_k&v;
Segment_1060_1D4;-6.5;P_Rg_zm;
Segment_1061_1D1;60.0;H_Aa_ht_ophoging;
Segment_1061_1D1;20.0;H_Aa_ht;
Segment_1062_1D1;60.0;H_Aa_ht_ophoging;
Segment_1062_1D1;8.0;H_Aa_ht;
Segment_1062_1D1;2.0;H_Rk_k;
Segment_1062_1D1;-1.0;H_Rk_vk;
Segment_1062_1D1;-5.5;H_Rk_vk;
Segment_1062_1D1;-6.5;P_Rg_zm;
Segment_1062_1D2;60.0;H_Aa_ht_ophoging;
Segment_1062_1D2;8.0;H_Aa_ht;
Segment_1062_1D2;2.0;H_Ro_z&k;
Segment_1062_1D2;-1.0;H_Rk_vk;
Segment_1062_1D2;-5.5;H_Rk_vk;
Segment_1062_1D2;-6.5;P_Rg_zm;
Segment_1062_1D3;60.0;H_Aa_ht_ophoging;
Segment_1062_1D3;8.0;H_Aa_ht;
Segment_1062_1D3;2.0;H_Rk_k;
Segment_1062_1D3;-1.0;H_Ro_z&k;
Segment_1062_1D3;-3.0;H_Rk_k;
Segment_1062_1D3;-5.5;H_Rk_vk;
Segment_1062_1D3;-6.5;P_Rg_zm;
Segment_1062_1D4;60.0;H_Aa_ht_ophoging;
Segment_1062_1D4;8.0;H_Aa_ht;
Segment_1062_1D4;2.0;H_Ro_z&k;
Segment_1062_1D4;-1.0;H_Ro_z&k;
Segment_1062_1D4;-3.0;H_Rk_k;
Segment_1062_1D4;-5.5;H_Rk_vk;
Segment_1062_1D4;-6.5;P_Rg_zm;
Segment_1062_1D5;60.0;H_Aa_ht_ophoging;
Segment_1062_1D5;8.0;H_Aa_ht;
Segment_1062_1D5;2.0;H_Rk_k;
Segment_1062_1D5;-1.0;H_Rk_k;
Segment_1062_1D5;-5.5;H_Rk_vk;
Segment_1062_1D5;-6.5;P_Rg_zm;
Segment_1062_1D6;60.0;H_Aa_ht_ophoging;
Segment_1062_1D6;8.0;H_Aa_ht;
Segment_1062_1D6;2.0;H_Ro_z&k;
Segment_1062_1D6;-1.0;H_Rk_k;
Segment_1062_1D6;-5.5;H_Rk_vk;
Segment_1062_1D6;-6.5;P_Rg_zm;
Segment_1063_1D1;60.0;H_Aa_ht_ophoging;
Segment_1063_1D1;4.0;H_Aa_ht;
Segment_1063_1D1;2.0;H_Rk_k;
Segment_1063_1D1;-0.5;H_Rk_z&k;
Segment_1063_1D1;-2.0;H_Rk_vk;
Segment_1063_1D1;-4.0;H_Rk_z&k;
Segment_1063_1D1;-4.5;H_Vbv_v;
Segment_1063_1D1;-5.0;P_Rg_zm;
Segment_1063_1D2;60.0;H_Aa_ht_ophoging;
Segment_1063_1D2;4.0;H_Aa_ht;
Segment_1063_1D2;2.0;H_Rk_k;
Segment_1063_1D2;-2.0;H_Rk_vk;
Segment_1063_1D2;-4.0;H_Rk_z&k;
Segment_1063_1D2;-4.5;H_Vbv_v;
Segment_1063_1D2;-5.0;P_Rg_zm;
Segment_1063_1D3;60.0;H_Aa_ht_ophoging;
Segment_1063_1D3;4.0;H_Aa_ht;
Segment_1063_1D3;2.0;H_Rk_k;
Segment_1063_1D3;-0.5;H_Rk_z&k;
Segment_1063_1D3;-2.0;H_Rk_k;
Segment_1063_1D3;-3.0;H_Rk_z&k;
Segment_1063_1D3;-4.0;H_Rk_k;
Segment_1063_1D3;-5.0;P_Rg_zm;
Segment_1063_1D4;60.0;H_Aa_ht_ophoging;
Segment_1063_1D4;4.0;H_Aa_ht;
Segment_1063_1D4;2.0;H_Rk_k;
Segment_1063_1D4;-2.0;H_Rk_k;
Segment_1063_1D4;-3.0;H_Rk_z&k;
Segment_1063_1D4;-4.0;H_Rk_k;
Segment_1063_1D4;-5.0;P_Rg_zm;
Segment_1063_1D5;60.0;H_Aa_ht_ophoging;
Segment_1063_1D5;4.0;H_Aa_ht;
Segment_1063_1D5;2.0;H_Rk_k;
Segment_1063_1D5;-0.5;H_Rk_z&k;
Segment_1063_1D5;-2.0;H_Rk_k;
Segment_1063_1D5;-3.5;P_Wdz_zf;
Segment_1063_1D5;-5.0;P_Rg_zm;
Segment_1063_1D6;60.0;H_Aa_ht_ophoging;
Segment_1063_1D6;4.0;H_Aa_ht;
Segment_1063_1D6;2.0;H_Rk_k;
Segment_1063_1D6;-2.0;H_Rk_k;
Segment_1063_1D6;-3.5;P_Wdz_zf;
Segment_1063_1D6;-5.0;P_Rg_zm;
Segment_1064_1D1;60.0;H_Aa_ht_ophoging;
Segment_1064_1D1;3.0;H_Aa_ht;
Segment_1064_1D1;2.5;H_Ro_z&k;
Segment_1064_1D1;-2.0;H_Rg_zm;
Segment_1064_1D1;-7.0;P_Rg_zm;
Segment_1064_1D2;60.0;H_Aa_ht_ophoging;
Segment_1064_1D2;3.0;H_Aa_ht;
Segment_1064_1D2;2.5;H_Rk_k;
Segment_1064_1D2;1.0;H_Rg_zm;
Segment_1064_1D2;-3.0;H_Ro_z&k;
Segment_1064_1D2;-5.0;H_Rg_zm;
Segment_1064_1D2;-7.0;P_Rg_zm;
Segment_1064_1D3;60.0;H_Aa_ht_ophoging;
Segment_1064_1D3;3.0;H_Aa_ht;
Segment_1064_1D3;2.5;H_Rg_zm;
Segment_1064_1D3;-5.0;H_Rg_zm;
Segment_1064_1D3;-7.0;P_Rg_zm;
Segment_1065_1D1;60.0;H_Aa_ht_ophoging;
Segment_1065_1D1;4.0;H_Aa_ht;
Segment_1065_1D1;2.0;H_Rk_k;
Segment_1065_1D1;-1.0;H_Rk_vk;
Segment_1065_1D1;-3.5;P_Wdz_zf;
Segment_1065_1D1;-4.0;P_Rg_zm;
Segment_1065_1D2;60.0;H_Aa_ht_ophoging;
Segment_1065_1D2;4.0;H_Aa_ht;
Segment_1065_1D2;2.0;H_Rk_k&v;
Segment_1065_1D2;-1.0;H_Rk_vk;
Segment_1065_1D2;-3.5;P_Wdz_zf;
Segment_1065_1D2;-4.0;P_Rg_zm;
Segment_1065_1D3;60.0;H_Aa_ht_ophoging;
Segment_1065_1D3;4.0;H_Aa_ht;
Segment_1065_1D3;2.0;H_Rk_k;
Segment_1065_1D3;-1.0;H_Rk_k;
Segment_1065_1D3;-3.0;P_Wdz_zf;
Segment_1065_1D3;-4.0;P_Rg_zm;
Segment_1065_1D4;60.0;H_Aa_ht_ophoging;
Segment_1065_1D4;4.0;H_Aa_ht;
Segment_1065_1D4;2.0;H_Rk_k&v;
Segment_1065_1D4;-1.0;H_Rk_k;
Segment_1065_1D4;-3.0;P_Wdz_zf;
Segment_1065_1D4;-4.0;P_Rg_zm;
Segment_1065_1D5;60.0;H_Aa_ht_ophoging;
Segment_1065_1D5;4.0;H_Aa_ht;
Segment_1065_1D5;2.0;H_Rk_k;
Segment_1065_1D5;-1.0;H_Ro_z&k;
Segment_1065_1D5;-3.0;P_Wdz_zf;
Segment_1065_1D5;-4.0;P_Rg_zm;
Segment_1065_1D6;60.0;H_Aa_ht_ophoging;
Segment_1065_1D6;4.0;H_Aa_ht;
Segment_1065_1D6;2.0;H_Rk_k&v;
Segment_1065_1D6;-1.0;H_Ro_z&k;
Segment_1065_1D6;-3.0;P_Wdz_zf;
Segment_1065_1D6;-4.0;P_Rg_zm;
Segment_1065_1D7;60.0;H_Aa_ht_ophoging;
Segment_1065_1D7;4.0;H_Aa_ht;
Segment_1065_1D7;2.0;H_Rg_zm;
Segment_1065_1D7;-4.0;P_Rg_zm;
Segment_1066_1D1;60.0;H_Aa_ht_ophoging;
Segment_1066_1D1;3.0;H_Aa_ht;
Segment_1066_1D1;2.0;H_Rk_k;
Segment_1066_1D1;-1.0;H_Rr_o&z;
Segment_1066_1D1;-7.0;P_Rg_zm;
Segment_1066_1D2;60.0;H_Aa_ht_ophoging;
Segment_1066_1D2;3.0;H_Aa_ht;
Segment_1066_1D2;2.0;H_Rk_k;
Segment_1066_1D2;-1.0;H_Rr_o&z;
Segment_1066_1D2;-4.5;P_Rg_zm;
Segment_1066_1D3;60.0;H_Aa_ht_ophoging;
Segment_1066_1D3;3.0;H_Aa_ht;
Segment_1066_1D3;2.0;H_Rk_k;
Segment_1066_1D3;-1.0;H_Rk_k;
Segment_1066_1D3;-3.0;P_Rg_zm;
Segment_1066_1D4;60.0;H_Aa_ht_ophoging;
Segment_1066_1D4;3.0;H_Aa_ht;
Segment_1066_1D4;2.0;H_Rk_k;
Segment_1066_1D4;-1.0;H_Rg_zm;
Segment_1066_1D4;-7.0;P_Rg_zm;
Segment_1067_1D1;60.0;H_Aa_ht_ophoging;
Segment_1067_1D1;3.0;H_Aa_ht;
Segment_1067_1D1;2.0;H_Rk_k;
Segment_1067_1D1;0.5;H_Rg_zm;
Segment_1067_1D1;-7.0;P_Rg_zm;
Segment_1067_1D2;60.0;H_Aa_ht_ophoging;
Segment_1067_1D2;3.0;H_Aa_ht;
Segment_1067_1D2;2.0;H_Rg_zm;
Segment_1067_1D2;0.5;H_Rg_zm;
Segment_1067_1D2;-7.0;P_Rg_zm;
Segment_1067_1D3;60.0;H_Aa_ht_ophoging;
Segment_1067_1D3;3.0;H_Aa_ht;
Segment_1067_1D3;2.0;H_Rk_k;
Segment_1067_1D3;0.5;H_Rr_o&z;
Segment_1067_1D3;-2.0;H_Rg_zm;
Segment_1067_1D3;-7.0;P_Rg_zm;
Segment_1068_1D1;60.0;H_Aa_ht_ophoging;
Segment_1068_1D1;3.0;H_Aa_ht;
Segment_1068_1D1;2.0;H_Rk_k;
Segment_1068_1D1;0.0;H_Rr_o&z;
Segment_1068_1D1;-3.0;H_Rg_zm;
Segment_1068_1D1;-7.0;P_Rg_zm;
Segment_1068_1D2;60.0;H_Aa_ht_ophoging;
Segment_1068_1D2;3.0;H_Aa_ht;
Segment_1068_1D2;2.0;H_Ro_z&k;
Segment_1068_1D2;0.0;H_Rr_o&z;
Segment_1068_1D2;-3.0;H_Rg_zm;
Segment_1068_1D2;-7.0;P_Rg_zm;
Segment_1068_1D3;60.0;H_Aa_ht_ophoging;
Segment_1068_1D3;3.0;H_Aa_ht;
Segment_1068_1D3;2.0;H_Rk_k;
Segment_1068_1D3;0.0;H_Rg_zm;
Segment_1068_1D3;-3.0;H_Rg_zm;
Segment_1068_1D3;-7.0;P_Rg_zm;
Segment_1068_1D4;60.0;H_Aa_ht_ophoging;
Segment_1068_1D4;3.0;H_Aa_ht;
Segment_1068_1D4;2.0;H_Ro_z&k;
Segment_1068_1D4;0.0;H_Rg_zm;
Segment_1068_1D4;-3.0;H_Rg_zm;
Segment_1068_1D4;-7.0;P_Rg_zm;
Segment_1069_1D1;60.0;H_Aa_ht_ophoging;
Segment_1069_1D1;3.0;H_Aa_ht;
Segment_1069_1D1;2.0;H_Rg_zm;
Segment_1069_1D1;0.0;H_Rk_k;
Segment_1069_1D1;-2.0;H_Rg_zm;
Segment_1069_1D1;-7.0;P_Rg_zm;
Segment_1069_1D2;60.0;H_Aa_ht_ophoging;
Segment_1069_1D2;3.0;H_Aa_ht;
Segment_1069_1D2;2.0;H_Rk_k;
Segment_1069_1D2;-2.0;H_Rg_zm;
Segment_1069_1D2;-7.0;P_Rg_zm;
Segment_1069_1D3;60.0;H_Aa_ht_ophoging;
Segment_1069_1D3;3.0;H_Aa_ht;
Segment_1069_1D3;2.0;H_Rg_zm;
Segment_1069_1D3;-2.0;H_Rg_zm;
Segment_1069_1D3;-7.0;P_Rg_zm;
Segment_1070_1D1;60.0;H_Aa_ht_ophoging;
Segment_1070_1D1;3.0;H_Aa_ht;
Segment_1070_1D1;2.0;H_Ro_z&k;
Segment_1070_1D1;-1.0;H_Rg_zm;
Segment_1070_1D1;-7.0;P_Rg_zm;
Segment_1070_1D2;60.0;H_Aa_ht_ophoging;
Segment_1070_1D2;3.0;H_Aa_ht;
Segment_1070_1D2;2.0;H_Ro_z&k;
Segment_1070_1D2;1.0;H_Rg_zm;
Segment_1070_1D2;-7.0;P_Rg_zm;
Segment_1071_1D1;60.0;H_Aa_ht_ophoging;
Segment_1071_1D1;5.5;H_Aa_ht;
Segment_1071_1D1;3.0;H_Rk_k;
Segment_1071_1D1;0.0;H_Rg_zm;
Segment_1071_1D1;-8.0;P_Rg_zm;
Segment_1071_1D2;60.0;H_Aa_ht_ophoging;
Segment_1071_1D2;5.5;H_Aa_ht;
Segment_1071_1D2;3.0;H_Rk_k;
Segment_1071_1D2;-2.0;H_Rg_zm;
Segment_1071_1D2;-8.0;P_Rg_zm;
Segment_1071_1D3;60.0;H_Aa_ht_ophoging;
Segment_1071_1D3;5.5;H_Aa_ht;
Segment_1071_1D3;3.0;H_Ro_z&k;
Segment_1071_1D3;-2.0;H_Rg_zm;
Segment_1071_1D3;-8.0;P_Rg_zm;
Segment_1071_1D4;60.0;H_Aa_ht_ophoging;
Segment_1071_1D4;5.5;H_Aa_ht;
Segment_1071_1D4;3.0;H_Rg_zm;
Segment_1071_1D4;-2.0;H_Rg_zm;
Segment_1071_1D4;-8.0;P_Rg_zm;
Segment_1071_1D5;60.0;H_Aa_ht_ophoging;
Segment_1071_1D5;5.5;H_Aa_ht;
Segment_1071_1D5;3.0;H_Ro_z&k;
Segment_1071_1D5;-5.5;H_Rg_zm;
Segment_1071_1D5;-8.0;P_Rg_zm;
Segment_1072_1D1;60.0;H_Aa_ht_ophoging;
Segment_1072_1D1;3.0;H_Aa_ht;
Segment_1072_1D1;2.0;H_Rg_zm;
Segment_1072_1D1;1.0;H_Rk_k;
Segment_1072_1D1;0.0;H_Rk_k;
Segment_1072_1D1;-1.0;H_Rk_vk;
Segment_1072_1D1;-2.5;H_Rg_zm;
Segment_1072_1D1;-10.0;P_Rg_zm;
Segment_1072_1D2;60.0;H_Aa_ht_ophoging;
Segment_1072_1D2;3.0;H_Aa_ht;
Segment_1072_1D2;2.0;H_Rk_k;
Segment_1072_1D2;1.0;H_Rk_k;
Segment_1072_1D2;-1.0;H_Rk_vk;
Segment_1072_1D2;-2.5;H_Rg_zm;
Segment_1072_1D2;-10.0;P_Rg_zm;
Segment_1072_1D3;60.0;H_Aa_ht_ophoging;
Segment_1072_1D3;3.0;H_Aa_ht;
Segment_1072_1D3;2.0;H_Rg_zm;
Segment_1072_1D3;1.0;H_Rk_k;
Segment_1072_1D3;0.0;H_Rk_k;
Segment_1072_1D3;-1.0;H_Rk_k;
Segment_1072_1D3;-2.0;H_Rg_zm;
Segment_1072_1D3;-10.0;P_Rg_zm;
Segment_1072_1D4;60.0;H_Aa_ht_ophoging;
Segment_1072_1D4;3.0;H_Aa_ht;
Segment_1072_1D4;2.0;H_Rk_k;
Segment_1072_1D4;1.0;H_Rk_k;
Segment_1072_1D4;-1.0;H_Rk_k;
Segment_1072_1D4;-2.0;H_Rg_zm;
Segment_1072_1D4;-10.0;P_Rg_zm;
Segment_1072_1D5;60.0;H_Aa_ht_ophoging;
Segment_1072_1D5;3.0;H_Aa_ht;
Segment_1072_1D5;2.0;H_Rg_zm;
Segment_1072_1D5;1.0;H_Rk_k;
Segment_1072_1D5;0.0;H_Rk_k;
Segment_1072_1D5;-1.0;H_Rr_o&z;
Segment_1072_1D5;-2.0;H_Rk_z&k;
Segment_1072_1D5;-5.0;H_Rg_zm;
Segment_1072_1D5;-10.0;P_Rg_zm;
Segment_1072_1D6;60.0;H_Aa_ht_ophoging;
Segment_1072_1D6;3.0;H_Aa_ht;
Segment_1072_1D6;2.0;H_Rk_k;
Segment_1072_1D6;1.0;H_Rk_k;
Segment_1072_1D6;-1.0;H_Rr_o&z;
Segment_1072_1D6;-2.0;H_Rk_z&k;
Segment_1072_1D6;-5.0;H_Rg_zm;
Segment_1072_1D6;-10.0;P_Rg_zm;
Segment_1073_1D1;60.0;H_Aa_ht_ophoging;
Segment_1073_1D1;6.0;H_Aa_ht;
Segment_1073_1D1;2.0;H_Rg_zm;
Segment_1073_1D1;1.0;H_Rk_k;
Segment_1073_1D1;0.0;H_Rk_k;
Segment_1073_1D1;-1.0;H_Rg_zm;
Segment_1073_1D1;-3.0;H_Rk_vk;
Segment_1073_1D1;-4.0;H_Rk_k;
Segment_1073_1D1;-5.0;H_Rg_zm;
Segment_1073_1D1;-10.0;P_Rg_zm;
Segment_1073_1D2;60.0;H_Aa_ht_ophoging;
Segment_1073_1D2;6.0;H_Aa_ht;
Segment_1073_1D2;2.0;H_Rk_k;
Segment_1073_1D2;1.0;H_Rk_k;
Segment_1073_1D2;-1.0;H_Rg_zm;
Segment_1073_1D2;-3.0;H_Rk_vk;
Segment_1073_1D2;-4.0;H_Rk_k;
Segment_1073_1D2;-5.0;H_Rg_zm;
Segment_1073_1D2;-10.0;P_Rg_zm;
Segment_1073_1D3;60.0;H_Aa_ht_ophoging;
Segment_1073_1D3;6.0;H_Aa_ht;
Segment_1073_1D3;2.0;H_Rg_zm;
Segment_1073_1D3;1.0;H_Rk_k;
Segment_1073_1D3;0.0;H_Rg_zm;
Segment_1073_1D3;-10.0;P_Rg_zm;
Segment_1073_1D4;60.0;H_Aa_ht_ophoging;
Segment_1073_1D4;6.0;H_Aa_ht;
Segment_1073_1D4;2.0;H_Rk_k;
Segment_1073_1D4;1.0;H_Rk_k;
Segment_1073_1D4;0.0;H_Rg_zm;
Segment_1073_1D4;-10.0;P_Rg_zm;
Segment_1073_1D5;60.0;H_Aa_ht_ophoging;
Segment_1073_1D5;6.0;H_Aa_ht;
Segment_1073_1D5;2.0;H_Rg_zm;
Segment_1073_1D5;1.0;H_Rk_k;
Segment_1073_1D5;0.0;H_Rk_k;
Segment_1073_1D5;-2.5;H_Rg_zm;
Segment_1073_1D5;-10.0;P_Rg_zm;
Segment_1073_1D6;60.0;H_Aa_ht_ophoging;
Segment_1073_1D6;6.0;H_Aa_ht;
Segment_1073_1D6;2.0;H_Rk_k;
Segment_1073_1D6;1.0;H_Rk_k;
Segment_1073_1D6;-2.5;H_Rg_zm;
Segment_1073_1D6;-10.0;P_Rg_zm;
Segment_1074_1D1;60.0;H_Aa_ht_ophoging;
Segment_1074_1D1;10.0;H_Aa_ht;
Segment_1075_1D1;60.0;H_Aa_ht_ophoging;
Segment_1075_1D1;7.0;H_Aa_ht;
Segment_1075_1D1;2.0;H_Rk_k;
Segment_1075_1D1;0.0;H_Ro_z&k;
Segment_1075_1D1;-1.5;H_Rk_vk;
Segment_1075_1D1;-2.0;H_Rg_zm;
Segment_1075_1D1;-8.0;P_Rg_zm;
Segment_1075_1D2;60.0;H_Aa_ht_ophoging;
Segment_1075_1D2;7.0;H_Aa_ht;
Segment_1075_1D2;2.0;H_Ro_z&k;
Segment_1075_1D2;0.0;H_Ro_z&k;
Segment_1075_1D2;-1.5;H_Rk_vk;
Segment_1075_1D2;-2.0;H_Rg_zm;
Segment_1075_1D2;-8.0;P_Rg_zm;
Segment_1075_1D3;60.0;H_Aa_ht_ophoging;
Segment_1075_1D3;7.0;H_Aa_ht;
Segment_1075_1D3;2.0;H_Rk_k;
Segment_1075_1D3;0.0;H_Rg_zm;
Segment_1075_1D3;-1.0;H_Rk_k;
Segment_1075_1D3;-1.5;H_Rk_vk;
Segment_1075_1D3;-2.0;H_Rg_zm;
Segment_1075_1D3;-8.0;P_Rg_zm;
Segment_1075_1D4;60.0;H_Aa_ht_ophoging;
Segment_1075_1D4;7.0;H_Aa_ht;
Segment_1075_1D4;2.0;H_Ro_z&k;
Segment_1075_1D4;0.0;H_Rg_zm;
Segment_1075_1D4;-1.0;H_Rk_k;
Segment_1075_1D4;-1.5;H_Rk_vk;
Segment_1075_1D4;-2.0;H_Rg_zm;
Segment_1075_1D4;-8.0;P_Rg_zm;
Segment_1075_1D5;60.0;H_Aa_ht_ophoging;
Segment_1075_1D5;7.0;H_Aa_ht;
Segment_1075_1D5;2.0;H_Rk_k;
Segment_1075_1D5;0.0;H_Rg_zm;
Segment_1075_1D5;-4.0;H_Rg_zm;
Segment_1075_1D5;-8.0;P_Rg_zm;
Segment_1075_1D6;60.0;H_Aa_ht_ophoging;
Segment_1075_1D6;7.0;H_Aa_ht;
Segment_1075_1D6;2.0;H_Ro_z&k;
Segment_1075_1D6;0.0;H_Rg_zm;
Segment_1075_1D6;-4.0;H_Rg_zm;
Segment_1075_1D6;-8.0;P_Rg_zm;
Segment_1076_1D1;60.0;H_Aa_ht_ophoging;
Segment_1076_1D1;4.0;H_Aa_ht;
Segment_1076_1D1;2.0;H_Ro_z&k;
Segment_1076_1D1;-0.5;H_Rk_k;
Segment_1076_1D1;-2.0;H_Rk_vk;
Segment_1076_1D1;-3.0;H_Rg_zm;
Segment_1076_1D1;-8.0;P_Rg_zm;
Segment_1076_1D2;60.0;H_Aa_ht_ophoging;
Segment_1076_1D2;4.0;H_Aa_ht;
Segment_1076_1D2;2.0;H_Rg_zm;
Segment_1076_1D2;-0.5;H_Rk_k;
Segment_1076_1D2;-2.0;H_Rk_vk;
Segment_1076_1D2;-3.0;H_Rg_zm;
Segment_1076_1D2;-8.0;P_Rg_zm;
Segment_1076_1D3;60.0;H_Aa_ht_ophoging;
Segment_1076_1D3;4.0;H_Aa_ht;
Segment_1076_1D3;2.0;H_Ro_z&k;
Segment_1076_1D3;-0.5;H_Rg_zm;
Segment_1076_1D3;-2.0;H_Rk_vk;
Segment_1076_1D3;-3.0;H_Rg_zm;
Segment_1076_1D3;-8.0;P_Rg_zm;
Segment_1076_1D4;60.0;H_Aa_ht_ophoging;
Segment_1076_1D4;4.0;H_Aa_ht;
Segment_1076_1D4;2.0;H_Rg_zm;
Segment_1076_1D4;-0.5;H_Rg_zm;
Segment_1076_1D4;-2.0;H_Rk_vk;
Segment_1076_1D4;-3.0;H_Rg_zm;
Segment_1076_1D4;-8.0;P_Rg_zm;
Segment_1076_1D5;60.0;H_Aa_ht_ophoging;
Segment_1076_1D5;4.0;H_Aa_ht;
Segment_1076_1D5;2.0;H_Ro_z&k;
Segment_1076_1D5;-0.5;H_Rg_zm;
Segment_1076_1D5;-3.0;H_Rg_zm;
Segment_1076_1D5;-8.0;P_Rg_zm;
Segment_1076_1D6;60.0;H_Aa_ht_ophoging;
Segment_1076_1D6;4.0;H_Aa_ht;
Segment_1076_1D6;2.0;H_Rg_zm;
Segment_1076_1D6;-0.5;H_Rg_zm;
Segment_1076_1D6;-3.0;H_Rg_zm;
Segment_1076_1D6;-8.0;P_Rg_zm;
Segment_1077_1D1;60.0;H_Aa_ht_ophoging;
Segment_1077_1D1;2.5;H_Aa_ht;
Segment_1077_1D1;1.0;H_Ro_z&k;
Segment_1077_1D1;0.5;H_Rg_zm;
Segment_1077_1D1;-6.0;P_Rg_zm;
Segment_1077_1D2;60.0;H_Aa_ht_ophoging;
Segment_1077_1D2;2.5;H_Aa_ht;
Segment_1077_1D2;1.0;H_Ro_z&k;
Segment_1077_1D2;-0.5;H_Rg_zm;
Segment_1077_1D2;-6.0;P_Rg_zm;
Segment_1077_1D3;60.0;H_Aa_ht_ophoging;
Segment_1077_1D3;2.5;H_Aa_ht;
Segment_1077_1D3;1.0;H_Rr_o&z;
Segment_1077_1D3;-3.0;H_Vhv_v;
Segment_1077_1D3;-3.25;H_Rg_zm;
Segment_1077_1D3;-6.0;P_Rg_zm;
Segment_1078_1D1;60.0;H_Aa_ht_ophoging;
Segment_1078_1D1;1.5;H_Aa_ht;
Segment_1078_1D1;0.5;H_Rk_k;
Segment_1078_1D1;-0.5;H_Ro_z&k;
Segment_1078_1D1;-2.0;H_Vhv_v;
Segment_1078_1D1;-3.0;P_Wdz_zf;
Segment_1078_1D1;-5.5;P_Rg_zm;
Segment_1078_1D2;60.0;H_Aa_ht_ophoging;
Segment_1078_1D2;1.5;H_Aa_ht;
Segment_1078_1D2;0.5;H_Rk_k;
Segment_1078_1D2;-2.0;H_Vhv_v;
Segment_1078_1D2;-3.0;P_Wdz_zf;
Segment_1078_1D2;-5.5;P_Rg_zm;
Segment_1078_1D3;60.0;H_Aa_ht_ophoging;
Segment_1078_1D3;1.5;H_Aa_ht;
Segment_1078_1D3;0.5;H_Rk_k;
Segment_1078_1D3;-1.5;H_Vhv_v;
Segment_1078_1D3;-3.0;P_Wdz_zf;
Segment_1078_1D3;-5.5;P_Rg_zm;
Segment_1078_1D4;60.0;H_Aa_ht_ophoging;
Segment_1078_1D4;1.5;H_Aa_ht;
Segment_1078_1D4;0.5;H_Rk_k;
Segment_1078_1D4;-1.5;H_Rk_ko;
Segment_1078_1D4;-2.5;H_Vhv_v;
Segment_1078_1D4;-3.0;P_Wdz_zf;
Segment_1078_1D4;-5.5;P_Rg_zm;
Segment_1078_1D5;60.0;H_Aa_ht_ophoging;
Segment_1078_1D5;1.5;H_Aa_ht;
Segment_1078_1D5;0.5;H_Rk_k;
Segment_1078_1D5;-0.5;H_Ro_z&k;
Segment_1078_1D5;-2.0;H_Vhv_v;
Segment_1078_1D5;-4.5;P_Wdz_zf;
Segment_1078_1D5;-5.5;P_Rg_zm;
Segment_1078_1D6;60.0;H_Aa_ht_ophoging;
Segment_1078_1D6;1.5;H_Aa_ht;
Segment_1078_1D6;0.5;H_Rk_k;
Segment_1078_1D6;-2.0;H_Vhv_v;
Segment_1078_1D6;-4.5;P_Wdz_zf;
Segment_1078_1D6;-5.5;P_Rg_zm;
Segment_1078_1D7;60.0;H_Aa_ht_ophoging;
Segment_1078_1D7;1.5;H_Aa_ht;
Segment_1078_1D7;0.5;H_Rk_k;
Segment_1078_1D7;-1.5;H_Vhv_v;
Segment_1078_1D7;-4.5;P_Wdz_zf;
Segment_1078_1D7;-5.5;P_Rg_zm;
Segment_1078_1D8;60.0;H_Aa_ht_ophoging;
Segment_1078_1D8;1.5;H_Aa_ht;
Segment_1078_1D8;0.5;H_Rk_k;
Segment_1078_1D8;-1.5;H_Rk_ko;
Segment_1078_1D8;-2.5;H_Vhv_v;
Segment_1078_1D8;-4.5;P_Wdz_zf;
Segment_1078_1D8;-5.5;P_Rg_zm;
Segment_1079_1D1;60.0;H_Aa_ht_ophoging;
Segment_1079_1D1;0.5;H_Aa_ht;
Segment_1079_1D1;-1.0;H_Rk_k;
Segment_1079_1D1;-1.5;H_Vhv_v;
Segment_1079_1D1;-5.0;P_Wdz_zf;
Segment_1079_1D1;-7.0;P_Rg_zf;
Segment_1079_1D1;-10.0;P_Rg_zg;
Segment_1079_1D2;60.0;H_Aa_ht_ophoging;
Segment_1079_1D2;0.5;H_Aa_ht;
Segment_1079_1D2;-1.0;H_Rk_ko;
Segment_1079_1D2;-1.5;H_Vhv_v;
Segment_1079_1D2;-5.0;P_Wdz_zf;
Segment_1079_1D2;-7.0;P_Rg_zf;
Segment_1079_1D2;-10.0;P_Rg_zg;
Segment_1079_1D3;60.0;H_Aa_ht_ophoging;
Segment_1079_1D3;0.5;H_Aa_ht;
Segment_1079_1D3;-1.0;H_Rk_k;
Segment_1079_1D3;-1.5;H_Vhv_v;
Segment_1079_1D3;-6.5;P_Wdz_zf;
Segment_1079_1D3;-7.0;P_Rg_zf;
Segment_1079_1D3;-10.0;P_Rg_zg;
Segment_1079_1D4;60.0;H_Aa_ht_ophoging;
Segment_1079_1D4;0.5;H_Aa_ht;
Segment_1079_1D4;-1.0;H_Rk_ko;
Segment_1079_1D4;-1.5;H_Vhv_v;
Segment_1079_1D4;-6.5;P_Wdz_zf;
Segment_1079_1D4;-7.0;P_Rg_zf;
Segment_1079_1D4;-10.0;P_Rg_zg;
Segment_1079_1D5;60.0;H_Aa_ht_ophoging;
Segment_1079_1D5;0.5;H_Aa_ht;
Segment_1079_1D5;-1.0;H_Rk_k;
Segment_1079_1D5;-1.5;H_Rg_zm;
Segment_1079_1D5;-4.5;H_Rk_k;
Segment_1079_1D5;-5.5;H_Vhv_v;
Segment_1079_1D5;-6.5;P_Wdz_zf;
Segment_1079_1D5;-7.0;P_Rg_zf;
Segment_1079_1D5;-10.0;P_Rg_zg;
Segment_1080_1D1;60.0;H_Aa_ht_ophoging;
Segment_1080_1D1;1.5;H_Aa_ht;
Segment_1080_1D1;-1.0;H_Rk_k;
Segment_1080_1D1;-2.0;H_Rk_ko;
Segment_1080_1D1;-4.0;H_Vhv_v;
Segment_1080_1D1;-7.0;P_Wdz_zf;
Segment_1080_1D1;-7.5;P_Rg_zf;
Segment_1080_1D1;-12.0;P_Rg_zg;
Segment_1080_1D2;60.0;H_Aa_ht_ophoging;
Segment_1080_1D2;1.5;H_Aa_ht;
Segment_1080_1D2;-1.0;H_Rk_k;
Segment_1080_1D2;-4.5;H_Vhv_v;
Segment_1080_1D2;-7.0;P_Wdz_zf;
Segment_1080_1D2;-7.5;P_Rg_zf;
Segment_1080_1D2;-12.0;P_Rg_zg;
Segment_1080_1D3;60.0;H_Aa_ht_ophoging;
Segment_1080_1D3;1.5;H_Aa_ht;
Segment_1080_1D3;-1.0;H_Ro_z&k;
Segment_1080_1D3;-4.0;H_Vhv_v;
Segment_1080_1D3;-7.0;P_Wdz_zf;
Segment_1080_1D3;-7.5;P_Rg_zf;
Segment_1080_1D3;-12.0;P_Rg_zg;
Segment_1080_1D4;60.0;H_Aa_ht_ophoging;
Segment_1080_1D4;1.5;H_Aa_ht;
Segment_1080_1D4;-1.0;H_Rk_k;
Segment_1080_1D4;-2.0;H_Rk_ko;
Segment_1080_1D4;-4.0;H_Vhv_v;
Segment_1080_1D4;-5.0;P_Wdz_zf;
Segment_1080_1D4;-7.5;P_Rg_zf;
Segment_1080_1D4;-12.0;P_Rg_zg;
Segment_1080_1D5;60.0;H_Aa_ht_ophoging;
Segment_1080_1D5;1.5;H_Aa_ht;
Segment_1080_1D5;-1.0;H_Rk_k;
Segment_1080_1D5;-4.5;H_Vhv_v;
Segment_1080_1D5;-5.0;P_Wdz_zf;
Segment_1080_1D5;-7.5;P_Rg_zf;
Segment_1080_1D5;-12.0;P_Rg_zg;
Segment_1080_1D6;60.0;H_Aa_ht_ophoging;
Segment_1080_1D6;1.5;H_Aa_ht;
Segment_1080_1D6;-1.0;H_Ro_z&k;
Segment_1080_1D6;-4.0;H_Vhv_v;
Segment_1080_1D6;-5.0;P_Wdz_zf;
Segment_1080_1D6;-7.5;P_Rg_zf;
Segment_1080_1D6;-12.0;P_Rg_zg;
Segment_1081_1D1;60.0;H_Aa_ht_ophoging;
Segment_1081_1D1;5.0;H_Aa_ht;
Segment_1081_1D1;0.5;H_Rk_k;
Segment_1081_1D1;-1.5;H_Rg_zm;
Segment_1081_1D1;-6.5;H_Vhv_v;
Segment_1081_1D1;-7.5;P_Wdz_zf;
Segment_1081_1D1;-12.0;P_Rg_zm;
Segment_1081_1D2;60.0;H_Aa_ht_ophoging;
Segment_1081_1D2;5.0;H_Aa_ht;
Segment_1081_1D2;0.5;H_Rk_z&k;
Segment_1081_1D2;-1.5;H_Rg_zm;
Segment_1081_1D2;-6.5;H_Vhv_v;
Segment_1081_1D2;-7.5;P_Wdz_zf;
Segment_1081_1D2;-12.0;P_Rg_zm;
Segment_1081_1D3;60.0;H_Aa_ht_ophoging;
Segment_1081_1D3;5.0;H_Aa_ht;
Segment_1081_1D3;0.5;H_Rk_k;
Segment_1081_1D3;-1.5;H_Rg_zm;
Segment_1081_1D3;-6.5;H_Rg_zm;
Segment_1081_1D3;-10.0;P_Wdz_zf;
Segment_1081_1D3;-12.0;P_Rg_zm;
Segment_1081_1D4;60.0;H_Aa_ht_ophoging;
Segment_1081_1D4;5.0;H_Aa_ht;
Segment_1081_1D4;0.5;H_Rk_z&k;
Segment_1081_1D4;-1.5;H_Rg_zm;
Segment_1081_1D4;-6.5;H_Rg_zm;
Segment_1081_1D4;-10.0;P_Wdz_zf;
Segment_1081_1D4;-12.0;P_Rg_zm;
Segment_1082_1D1;60.0;H_Aa_ht_ophoging;
Segment_1082_1D1;1.0;H_Aa_ht;
Segment_1082_1D1;0.5;H_Ro_z&k;
Segment_1082_1D1;-1.0;H_Rk_k;
Segment_1082_1D1;-5.0;H_Vhv_v;
Segment_1082_1D1;-7.0;P_Wdz_zf;
Segment_1082_1D1;-11.0;P_Rg_zm;
Segment_1082_1D2;60.0;H_Aa_ht_ophoging;
Segment_1082_1D2;1.0;H_Aa_ht;
Segment_1082_1D2;0.5;H_Rk_k;
Segment_1082_1D2;-1.0;H_Rk_k;
Segment_1082_1D2;-5.0;H_Vhv_v;
Segment_1082_1D2;-7.0;P_Wdz_zf;
Segment_1082_1D2;-11.0;P_Rg_zm;
Segment_1082_1D3;60.0;H_Aa_ht_ophoging;
Segment_1082_1D3;1.0;H_Aa_ht;
Segment_1082_1D3;0.5;H_Ro_z&k;
Segment_1082_1D3;-1.0;H_Rk_ko;
Segment_1082_1D3;-2.5;H_Rk_k;
Segment_1082_1D3;-5.0;H_Vhv_v;
Segment_1082_1D3;-7.0;P_Wdz_zf;
Segment_1082_1D3;-11.0;P_Rg_zm;
Segment_1082_1D4;60.0;H_Aa_ht_ophoging;
Segment_1082_1D4;1.0;H_Aa_ht;
Segment_1082_1D4;0.5;H_Rk_k;
Segment_1082_1D4;-1.0;H_Rk_ko;
Segment_1082_1D4;-2.5;H_Rk_k;
Segment_1082_1D4;-5.0;H_Vhv_v;
Segment_1082_1D4;-7.0;P_Wdz_zf;
Segment_1082_1D4;-11.0;P_Rg_zm;
Segment_1083_1D1;60.0;H_Aa_ht_ophoging;
Segment_1083_1D1;1.0;H_Aa_ht;
Segment_1083_1D1;0.5;H_Rk_k;
Segment_1083_1D1;-1.5;H_Rg_zm;
Segment_1083_1D1;-5.0;H_Vhv_v;
Segment_1083_1D1;-7.0;P_Wdz_zf;
Segment_1083_1D1;-11.0;P_Rg_zm;
Segment_1083_1D2;60.0;H_Aa_ht_ophoging;
Segment_1083_1D2;1.0;H_Aa_ht;
Segment_1083_1D2;0.5;H_Rk_k;
Segment_1083_1D2;-3.5;H_Rg_zm;
Segment_1083_1D2;-5.0;H_Vhv_v;
Segment_1083_1D2;-7.0;P_Wdz_zf;
Segment_1083_1D2;-11.0;P_Rg_zm;
Segment_1083_1D3;60.0;H_Aa_ht_ophoging;
Segment_1083_1D3;1.0;H_Aa_ht;
Segment_1083_1D3;0.5;H_Rk_k;
Segment_1083_1D3;-1.5;H_Rg_zm;
Segment_1083_1D3;-5.0;H_Rg_zm;
Segment_1083_1D3;-7.0;P_Wdz_zf;
Segment_1083_1D3;-11.0;P_Rg_zm;
Segment_1083_1D4;60.0;H_Aa_ht_ophoging;
Segment_1083_1D4;1.0;H_Aa_ht;
Segment_1083_1D4;0.5;H_Rk_k;
Segment_1083_1D4;-3.5;H_Rg_zm;
Segment_1083_1D4;-5.0;H_Rg_zm;
Segment_1083_1D4;-7.0;P_Wdz_zf;
Segment_1083_1D4;-11.0;P_Rg_zm;
Segment_1084_1D1;60.0;H_Aa_ht_ophoging;
Segment_1084_1D1;1.0;H_Aa_ht;
Segment_1084_1D1;0.5;H_Ro_z&k;
Segment_1084_1D1;-1.5;H_Rk_k;
Segment_1084_1D1;-5.0;H_Vhv_v;
Segment_1084_1D1;-7.5;P_Wdz_zf;
Segment_1084_1D1;-11.0;P_Rg_zm;
Segment_1084_1D2;60.0;H_Aa_ht_ophoging;
Segment_1084_1D2;1.0;H_Aa_ht;
Segment_1084_1D2;0.5;H_Rk_k;
Segment_1084_1D2;-1.5;H_Rk_k;
Segment_1084_1D2;-5.0;H_Vhv_v;
Segment_1084_1D2;-7.5;P_Wdz_zf;
Segment_1084_1D2;-11.0;P_Rg_zm;
Segment_1084_1D3;60.0;H_Aa_ht_ophoging;
Segment_1084_1D3;1.0;H_Aa_ht;
Segment_1084_1D3;0.5;H_Ro_z&k;
Segment_1084_1D3;-1.5;H_Rk_ko;
Segment_1084_1D3;-3.0;H_Rk_k;
Segment_1084_1D3;-4.0;H_Vhv_v;
Segment_1084_1D3;-7.5;P_Wdz_zf;
Segment_1084_1D3;-11.0;P_Rg_zm;
Segment_1084_1D4;60.0;H_Aa_ht_ophoging;
Segment_1084_1D4;1.0;H_Aa_ht;
Segment_1084_1D4;0.5;H_Ro_z&k;
Segment_1084_1D4;-1.5;H_Rk_vk;
Segment_1084_1D4;-3.5;H_Rk_k;
Segment_1084_1D4;-4.0;H_Vhv_v;
Segment_1084_1D4;-7.5;P_Wdz_zf;
Segment_1084_1D4;-11.0;P_Rg_zm;
Segment_1084_1D5;60.0;H_Aa_ht_ophoging;
Segment_1084_1D5;1.0;H_Aa_ht;
Segment_1084_1D5;0.5;H_Rk_k;
Segment_1084_1D5;-1.5;H_Rk_ko;
Segment_1084_1D5;-3.0;H_Rk_k;
Segment_1084_1D5;-4.0;H_Vhv_v;
Segment_1084_1D5;-7.5;P_Wdz_zf;
Segment_1084_1D5;-11.0;P_Rg_zm;
Segment_1084_1D6;60.0;H_Aa_ht_ophoging;
Segment_1084_1D6;1.0;H_Aa_ht;
Segment_1084_1D6;0.5;H_Rk_k;
Segment_1084_1D6;-1.5;H_Rk_vk;
Segment_1084_1D6;-3.5;H_Rk_k;
Segment_1084_1D6;-4.0;H_Vhv_v;
Segment_1084_1D6;-7.5;P_Wdz_zf;
Segment_1084_1D6;-11.0;P_Rg_zm;
Segment_1085_1D1;60.0;H_Aa_ht_ophoging;
Segment_1085_1D1;1.0;H_Aa_ht;
Segment_1085_1D1;0.5;H_Ro_z&k;
Segment_1085_1D1;-1.0;H_Rk_k;
Segment_1085_1D1;-5.0;H_Vhv_v;
Segment_1085_1D1;-7.5;P_Wdz_zf;
Segment_1085_1D1;-11.0;P_Rg_zm;
Segment_1085_1D2;60.0;H_Aa_ht_ophoging;
Segment_1085_1D2;1.0;H_Aa_ht;
Segment_1085_1D2;0.5;H_Rk_k;
Segment_1085_1D2;-1.0;H_Rk_k;
Segment_1085_1D2;-5.0;H_Vhv_v;
Segment_1085_1D2;-7.5;P_Wdz_zf;
Segment_1085_1D2;-11.0;P_Rg_zm;
Segment_1085_1D3;60.0;H_Aa_ht_ophoging;
Segment_1085_1D3;1.0;H_Aa_ht;
Segment_1085_1D3;0.5;H_Ro_z&k;
Segment_1085_1D3;-1.0;H_Rk_ko;
Segment_1085_1D3;-2.5;H_Rk_k;
Segment_1085_1D3;-4.0;H_Vhv_v;
Segment_1085_1D3;-7.5;P_Wdz_zf;
Segment_1085_1D3;-11.0;P_Rg_zm;
Segment_1085_1D4;60.0;H_Aa_ht_ophoging;
Segment_1085_1D4;1.0;H_Aa_ht;
Segment_1085_1D4;0.5;H_Rk_k;
Segment_1085_1D4;-1.0;H_Rk_ko;
Segment_1085_1D4;-2.5;H_Rk_k;
Segment_1085_1D4;-4.0;H_Vhv_v;
Segment_1085_1D4;-7.5;P_Wdz_zf;
Segment_1085_1D4;-11.0;P_Rg_zm;
Segment_1085_1D5;60.0;H_Aa_ht_ophoging;
Segment_1085_1D5;1.0;H_Aa_ht;
Segment_1085_1D5;0.5;H_Ro_z&k;
Segment_1085_1D5;-1.0;H_Rg_zm;
Segment_1085_1D5;-5.0;H_Vhv_v;
Segment_1085_1D5;-7.5;P_Wdz_zf;
Segment_1085_1D5;-11.0;P_Rg_zm;
Segment_1085_1D6;60.0;H_Aa_ht_ophoging;
Segment_1085_1D6;1.0;H_Aa_ht;
Segment_1085_1D6;0.5;H_Rk_k;
Segment_1085_1D6;-1.0;H_Rg_zm;
Segment_1085_1D6;-5.0;H_Vhv_v;
Segment_1085_1D6;-7.5;P_Wdz_zf;
Segment_1085_1D6;-11.0;P_Rg_zm;
Segment_1086_1D1;60.0;H_Aa_ht_ophoging;
Segment_1086_1D1;1.0;H_Aa_ht;
Segment_1086_1D1;0.5;H_Rk_k;
Segment_1086_1D1;-1.5;H_Rg_zm;
Segment_1086_1D1;-5.0;H_Vhv_v;
Segment_1086_1D1;-7.0;P_Wdz_zf;
Segment_1086_1D1;-11.0;P_Rg_zm;
Segment_1086_1D2;60.0;H_Aa_ht_ophoging;
Segment_1086_1D2;1.0;H_Aa_ht;
Segment_1086_1D2;0.5;H_Rk_k;
Segment_1086_1D2;-3.5;H_Rg_zm;
Segment_1086_1D2;-5.0;H_Vhv_v;
Segment_1086_1D2;-7.0;P_Wdz_zf;
Segment_1086_1D2;-11.0;P_Rg_zm;
Segment_1086_1D3;60.0;H_Aa_ht_ophoging;
Segment_1086_1D3;1.0;H_Aa_ht;
Segment_1086_1D3;0.5;H_Rk_k;
Segment_1086_1D3;-1.5;H_Rg_zm;
Segment_1086_1D3;-5.0;H_Rg_zm;
Segment_1086_1D3;-7.0;P_Wdz_zf;
Segment_1086_1D3;-11.0;P_Rg_zm;
Segment_1086_1D4;60.0;H_Aa_ht_ophoging;
Segment_1086_1D4;1.0;H_Aa_ht;
Segment_1086_1D4;0.5;H_Rk_k;
Segment_1086_1D4;-3.5;H_Rg_zm;
Segment_1086_1D4;-5.0;H_Rg_zm;
Segment_1086_1D4;-7.0;P_Wdz_zf;
Segment_1086_1D4;-11.0;P_Rg_zm;
Segment_1087_1D1;60.0;H_Aa_ht_ophoging;
Segment_1087_1D1;0.5;H_Aa_ht;
Segment_1087_1D1;-1.0;H_Rk_k;
Segment_1087_1D1;-3.0;H_Rk_ko;
Segment_1087_1D1;-4.0;H_Vhv_v;
Segment_1087_1D1;-6.5;P_Wdz_zf;
Segment_1087_1D1;-8.0;P_Rg_zm;
Segment_1087_1D2;60.0;H_Aa_ht_ophoging;
Segment_1087_1D2;0.5;H_Aa_ht;
Segment_1087_1D2;-1.0;H_Rk_k;
Segment_1087_1D2;-6.0;H_Vhv_v;
Segment_1087_1D2;-6.5;P_Wdz_zf;
Segment_1087_1D2;-8.0;P_Rg_zm;
Segment_1087_1D3;60.0;H_Aa_ht_ophoging;
Segment_1087_1D3;0.5;H_Aa_ht;
Segment_1087_1D3;-1.0;H_Ro_z&k;
Segment_1087_1D3;-4.0;H_Vhv_v;
Segment_1087_1D3;-6.5;P_Wdz_zf;
Segment_1087_1D3;-8.0;P_Rg_zm;
Segment_1087_1D4;60.0;H_Aa_ht_ophoging;
Segment_1087_1D4;0.5;H_Aa_ht;
Segment_1087_1D4;-1.0;H_Ro_z&k;
Segment_1087_1D4;-3.0;H_Rg_zm;
Segment_1087_1D4;-4.0;H_Vhv_v;
Segment_1087_1D4;-6.5;P_Wdz_zf;
Segment_1087_1D4;-8.0;P_Rg_zm;
Segment_1087_1D5;60.0;H_Aa_ht_ophoging;
Segment_1087_1D5;0.5;H_Aa_ht;
Segment_1087_1D5;-1.0;H_Rk_k;
Segment_1087_1D5;-3.0;H_Rk_ko;
Segment_1087_1D5;-4.0;H_Vhv_v;
Segment_1087_1D5;-7.5;P_Wdz_zf;
Segment_1087_1D5;-8.0;P_Rg_zm;
Segment_1087_1D6;60.0;H_Aa_ht_ophoging;
Segment_1087_1D6;0.5;H_Aa_ht;
Segment_1087_1D6;-1.0;H_Rk_k;
Segment_1087_1D6;-6.0;H_Vhv_v;
Segment_1087_1D6;-7.5;P_Wdz_zf;
Segment_1087_1D6;-8.0;P_Rg_zm;
Segment_1087_1D7;60.0;H_Aa_ht_ophoging;
Segment_1087_1D7;0.5;H_Aa_ht;
Segment_1087_1D7;-1.0;H_Ro_z&k;
Segment_1087_1D7;-4.0;H_Vhv_v;
Segment_1087_1D7;-7.5;P_Wdz_zf;
Segment_1087_1D7;-8.0;P_Rg_zm;
Segment_1087_1D8;60.0;H_Aa_ht_ophoging;
Segment_1087_1D8;0.5;H_Aa_ht;
Segment_1087_1D8;-1.0;H_Ro_z&k;
Segment_1087_1D8;-3.0;H_Rg_zm;
Segment_1087_1D8;-4.0;H_Vhv_v;
Segment_1087_1D8;-7.5;P_Wdz_zf;
Segment_1087_1D8;-8.0;P_Rg_zm;
Segment_1088_1D1;60.0;H_Aa_ht_ophoging;
Segment_1088_1D1;-0.5;H_Aa_ht;
Segment_1088_1D1;-1.5;H_Rk_k;
Segment_1088_1D1;-3.0;H_Vhv_v;
Segment_1088_1D1;-6.0;P_Wdz_zf;
Segment_1088_1D1;-8.0;P_Rg_zm;
Segment_1088_1D2;60.0;H_Aa_ht_ophoging;
Segment_1088_1D2;-0.5;H_Aa_ht;
Segment_1088_1D2;-1.5;H_Rk_k;
Segment_1088_1D2;-2.0;H_Rk_ko;
Segment_1088_1D2;-2.5;H_Vhv_v;
Segment_1088_1D2;-6.0;P_Wdz_zf;
Segment_1088_1D2;-8.0;P_Rg_zm;
Segment_1088_1D3;60.0;H_Aa_ht_ophoging;
Segment_1088_1D3;-0.5;H_Aa_ht;
Segment_1088_1D3;-1.5;H_Rk_ko;
Segment_1088_1D3;-2.0;H_Vhv_v;
Segment_1088_1D3;-6.0;P_Wdz_zf;
Segment_1088_1D3;-8.0;P_Rg_zm;
Segment_1088_1D4;60.0;H_Aa_ht_ophoging;
Segment_1088_1D4;-0.5;H_Aa_ht;
Segment_1088_1D4;-1.5;H_Rk_k;
Segment_1088_1D4;-3.0;H_Vhv_v;
Segment_1088_1D4;-7.5;P_Wdz_zf;
Segment_1088_1D4;-8.0;P_Rg_zm;
Segment_1088_1D5;60.0;H_Aa_ht_ophoging;
Segment_1088_1D5;-0.5;H_Aa_ht;
Segment_1088_1D5;-1.5;H_Rk_k;
Segment_1088_1D5;-2.0;H_Rk_ko;
Segment_1088_1D5;-2.5;H_Vhv_v;
Segment_1088_1D5;-7.5;P_Wdz_zf;
Segment_1088_1D5;-8.0;P_Rg_zm;
Segment_1088_1D6;60.0;H_Aa_ht_ophoging;
Segment_1088_1D6;-0.5;H_Aa_ht;
Segment_1088_1D6;-1.5;H_Rk_ko;
Segment_1088_1D6;-2.0;H_Vhv_v;
Segment_1088_1D6;-7.5;P_Wdz_zf;
Segment_1088_1D6;-8.0;P_Rg_zm;
Segment_1089_1D1;60.0;H_Aa_ht_ophoging;
Segment_1089_1D1;4.0;H_Aa_ht;
Segment_1089_1D1;-2.0;H_Rk_k;
Segment_1089_1D1;-4.0;H_Vhv_v;
Segment_1089_1D1;-6.0;P_Wdz_zf;
Segment_1089_1D1;-9.0;P_Rg_zm;
Segment_1089_1D1;-10.0;P_Gs_zg;
Segment_1089_1D1;-12.0;P_Rg_zm;
Segment_1089_1D2;60.0;H_Aa_ht_ophoging;
Segment_1089_1D2;4.0;H_Aa_ht;
Segment_1089_1D2;-2.0;H_Rk_k;
Segment_1089_1D2;-2.25;H_Vhv_v;
Segment_1089_1D2;-6.0;P_Wdz_zf;
Segment_1089_1D2;-9.0;P_Rg_zm;
Segment_1089_1D2;-10.0;P_Gs_zg;
Segment_1089_1D2;-12.0;P_Rg_zm;
Segment_1089_1D3;60.0;H_Aa_ht_ophoging;
Segment_1089_1D3;4.0;H_Aa_ht;
Segment_1089_1D3;-2.0;H_Rk_k;
Segment_1089_1D3;-4.0;H_Vhv_v;
Segment_1089_1D3;-7.0;P_Wdz_zf;
Segment_1089_1D3;-9.0;P_Rg_zm;
Segment_1089_1D3;-10.0;P_Gs_zg;
Segment_1089_1D3;-12.0;P_Rg_zm;
Segment_1089_1D4;60.0;H_Aa_ht_ophoging;
Segment_1089_1D4;4.0;H_Aa_ht;
Segment_1089_1D4;-2.0;H_Rk_k;
Segment_1089_1D4;-2.25;H_Vhv_v;
Segment_1089_1D4;-7.0;P_Wdz_zf;
Segment_1089_1D4;-9.0;P_Rg_zm;
Segment_1089_1D4;-10.0;P_Gs_zg;
Segment_1089_1D4;-12.0;P_Rg_zm;
Segment_1090_1D1;60.0;H_Aa_ht_ophoging;
Segment_1090_1D1;3.5;H_Aa_ht;
Segment_1090_1D1;-3.0;H_Vhv_v;
Segment_1090_1D1;-6.0;H_Rk_k;
Segment_1090_1D1;-9.5;H_Vbv_v;
Segment_1090_1D1;-10.0;P_Rg_zm;
Segment_1090_1D1;-15.0;P_Gs_zg;
Segment_1090_1D1;-17.0;P_Rg_zm;
Segment_1090_1D10;60.0;H_Aa_ht_ophoging;
Segment_1090_1D10;3.5;H_Aa_ht;
Segment_1090_1D10;-3.0;H_Mp_k;
Segment_1090_1D10;-4.0;H_Mp_ko;
Segment_1090_1D10;-7.0;H_Vhv_v;
Segment_1090_1D10;-7.25;H_Mp_k;
Segment_1090_1D10;-8.25;H_Vbv_v;
Segment_1090_1D10;-9.0;P_Wdz_zf;
Segment_1090_1D10;-10.0;P_Mp_k;
Segment_1090_1D10;-15.0;P_Gs_zg;
Segment_1090_1D10;-17.0;P_Rg_zm;
Segment_1090_1D2;60.0;H_Aa_ht_ophoging;
Segment_1090_1D2;3.5;H_Aa_ht;
Segment_1090_1D2;-3.0;H_Vhv_v;
Segment_1090_1D2;-6.0;H_Rk_k;
Segment_1090_1D2;-8.0;H_Vbv_v;
Segment_1090_1D2;-8.5;P_Wdz_zf;
Segment_1090_1D2;-10.0;P_Rg_zm;
Segment_1090_1D2;-15.0;P_Gs_zg;
Segment_1090_1D2;-17.0;P_Rg_zm;
Segment_1090_1D3;60.0;H_Aa_ht_ophoging;
Segment_1090_1D3;3.5;H_Aa_ht;
Segment_1090_1D3;-3.0;H_Rk_k;
Segment_1090_1D3;-4.0;H_Vhv_v;
Segment_1090_1D3;-6.5;H_Rk_k;
Segment_1090_1D3;-9.5;H_Vbv_v;
Segment_1090_1D3;-10.0;P_Rg_zm;
Segment_1090_1D3;-15.0;P_Gs_zg;
Segment_1090_1D3;-17.0;P_Rg_zm;
Segment_1090_1D4;60.0;H_Aa_ht_ophoging;
Segment_1090_1D4;3.5;H_Aa_ht;
Segment_1090_1D4;-3.0;H_Rk_k;
Segment_1090_1D4;-4.0;H_Vhv_v;
Segment_1090_1D4;-6.5;H_Rk_k;
Segment_1090_1D4;-8.5;H_Vbv_v;
Segment_1090_1D4;-9.0;P_Wdz_zf;
Segment_1090_1D4;-10.0;P_Rg_zm;
Segment_1090_1D4;-15.0;P_Gs_zg;
Segment_1090_1D4;-17.0;P_Rg_zm;
Segment_1090_1D5;60.0;H_Aa_ht_ophoging;
Segment_1090_1D5;3.5;H_Aa_ht;
Segment_1090_1D5;-3.0;H_Mp_k;
Segment_1090_1D5;-4.0;H_Mp_ko;
Segment_1090_1D5;-7.0;H_Vhv_v;
Segment_1090_1D5;-7.25;H_Mp_k;
Segment_1090_1D5;-8.25;H_Vbv_v;
Segment_1090_1D5;-9.0;P_Wdz_zf;
Segment_1090_1D5;-10.0;P_Rg_zm;
Segment_1090_1D5;-15.0;P_Gs_zg;
Segment_1090_1D5;-17.0;P_Rg_zm;
Segment_1090_1D6;60.0;H_Aa_ht_ophoging;
Segment_1090_1D6;3.5;H_Aa_ht;
Segment_1090_1D6;-3.0;H_Vhv_v;
Segment_1090_1D6;-6.0;H_Rk_k;
Segment_1090_1D6;-9.5;H_Vbv_v;
Segment_1090_1D6;-10.0;P_Mp_k;
Segment_1090_1D6;-15.0;P_Gs_zg;
Segment_1090_1D6;-17.0;P_Rg_zm;
Segment_1090_1D7;60.0;H_Aa_ht_ophoging;
Segment_1090_1D7;3.5;H_Aa_ht;
Segment_1090_1D7;-3.0;H_Vhv_v;
Segment_1090_1D7;-6.0;H_Rk_k;
Segment_1090_1D7;-8.0;H_Vbv_v;
Segment_1090_1D7;-8.5;P_Wdz_zf;
Segment_1090_1D7;-10.0;P_Mp_k;
Segment_1090_1D7;-15.0;P_Gs_zg;
Segment_1090_1D7;-17.0;P_Rg_zm;
Segment_1090_1D8;60.0;H_Aa_ht_ophoging;
Segment_1090_1D8;3.5;H_Aa_ht;
Segment_1090_1D8;-3.0;H_Rk_k;
Segment_1090_1D8;-4.0;H_Vhv_v;
Segment_1090_1D8;-6.5;H_Rk_k;
Segment_1090_1D8;-9.5;H_Vbv_v;
Segment_1090_1D8;-10.0;P_Mp_k;
Segment_1090_1D8;-15.0;P_Gs_zg;
Segment_1090_1D8;-17.0;P_Rg_zm;
Segment_1090_1D9;60.0;H_Aa_ht_ophoging;
Segment_1090_1D9;3.5;H_Aa_ht;
Segment_1090_1D9;-3.0;H_Rk_k;
Segment_1090_1D9;-4.0;H_Vhv_v;
Segment_1090_1D9;-6.5;H_Rk_k;
Segment_1090_1D9;-8.5;H_Vbv_v;
Segment_1090_1D9;-9.0;P_Wdz_zf;
Segment_1090_1D9;-10.0;P_Mp_k;
Segment_1090_1D9;-15.0;P_Gs_zg;
Segment_1090_1D9;-17.0;P_Rg_zm;
